-- phpMyAdmin SQL Dump
-- version 5.1.1
-- https://www.phpmyadmin.net/
--
-- Host: 127.0.0.1
-- Waktu pembuatan: 07 Des 2021 pada 15.37
-- Versi server: 10.4.20-MariaDB
-- Versi PHP: 7.4.22

SET SQL_MODE = "NO_AUTO_VALUE_ON_ZERO";
START TRANSACTION;
SET time_zone = "+00:00";


/*!40101 SET @OLD_CHARACTER_SET_CLIENT=@@CHARACTER_SET_CLIENT */;
/*!40101 SET @OLD_CHARACTER_SET_RESULTS=@@CHARACTER_SET_RESULTS */;
/*!40101 SET @OLD_COLLATION_CONNECTION=@@COLLATION_CONNECTION */;
/*!40101 SET NAMES utf8mb4 */;

--
-- Database: `siakad`
--

-- --------------------------------------------------------

--
-- Struktur dari tabel `absenguru`
--

CREATE TABLE `absenguru` (
  `number` int(11) NOT NULL,
  `kode` varchar(8) NOT NULL,
  `date` timestamp NOT NULL DEFAULT current_timestamp() ON UPDATE current_timestamp(),
  `ket` varchar(16) NOT NULL
) ENGINE=InnoDB DEFAULT CHARSET=utf8mb4;

--
-- Dumping data untuk tabel `absenguru`
--

INSERT INTO `absenguru` (`number`, `kode`, `date`, `ket`) VALUES
(1, 'Q', '2019-12-31 07:02:02', 'Masuk'),
(2, 'Q', '2019-12-31 07:02:02', 'Keluar'),
(4, 'B10', '2020-01-14 07:49:53', 'Keluar'),
(5, 'B10', '2020-01-15 07:49:53', 'Keluar'),
(6, 'B10', '2020-01-14 23:20:53', 'Masuk'),
(7, 'B10', '2020-01-13 23:20:53', 'Masuk'),
(8, 'S', '2020-01-06 12:18:15', 'Masuk'),
(9, 'S', '2020-01-08 01:04:55', 'Keluar'),
(11, 'B10', '2020-01-15 23:20:53', 'Masuk'),
(12, 'B10', '2020-01-16 07:49:53', 'Keluar');

-- --------------------------------------------------------

--
-- Struktur dari tabel `absensiswa`
--

CREATE TABLE `absensiswa` (
  `number` int(11) NOT NULL,
  `id` varchar(8) NOT NULL,
  `date` timestamp NOT NULL DEFAULT current_timestamp() ON UPDATE current_timestamp(),
  `waktu` time NOT NULL,
  `status` varchar(20) NOT NULL
) ENGINE=InnoDB DEFAULT CHARSET=utf8mb4;

--
-- Dumping data untuk tabel `absensiswa`
--

INSERT INTO `absensiswa` (`number`, `id`, `date`, `waktu`, `status`) VALUES
(1, '176474', '2019-12-10 13:27:59', '00:00:00', 'Masuk'),
(2, '176474', '2019-12-10 13:27:59', '00:00:00', 'Masuk'),
(3, '19227', '2019-12-29 07:04:12', '00:00:00', 'Masuk'),
(4, '19227', '2019-12-29 07:04:12', '00:00:00', 'Masuk'),
(5, '197223', '2019-12-29 23:53:57', '00:00:00', 'Masuk'),
(6, '197223', '2019-12-29 23:53:57', '00:00:00', 'Masuk'),
(7, '176476', '2019-12-30 00:29:57', '00:00:00', 'Masuk'),
(8, '176476', '2019-12-30 00:29:57', '00:00:00', 'Masuk'),
(9, '176477', '2019-12-30 00:49:32', '00:00:00', 'Masuk'),
(10, '176477', '2019-12-30 00:49:32', '00:00:00', 'Masuk');

-- --------------------------------------------------------

--
-- Struktur dari tabel `auth`
--

CREATE TABLE `auth` (
  `id_user` int(11) NOT NULL,
  `username` varchar(256) NOT NULL,
  `password` varchar(256) NOT NULL,
  `nama` varchar(256) NOT NULL,
  `level` enum('admin','kurikulum','guru','siswa','tu','guru') NOT NULL
) ENGINE=InnoDB DEFAULT CHARSET=utf8mb4;

--
-- Dumping data untuk tabel `auth`
--

INSERT INTO `auth` (`id_user`, `username`, `password`, `nama`, `level`) VALUES
(1, 'admin', '0192023a7bbd73250516f069df18b500', '', 'admin'),
(2, 'kurikulum', '248e6e545ad791936c77a244bd8c000b', '', 'kurikulum');

-- --------------------------------------------------------

--
-- Struktur dari tabel `guru`
--

CREATE TABLE `guru` (
  `id` int(8) NOT NULL,
  `kode` varchar(8) NOT NULL,
  `nama` varchar(500) NOT NULL,
  `guru` varchar(50) NOT NULL,
  `jenis_guru` varchar(128) NOT NULL,
  `jenjang` varchar(128) NOT NULL
) ENGINE=InnoDB DEFAULT CHARSET=latin1 ROW_FORMAT=DYNAMIC;

--
-- Dumping data untuk tabel `guru`
--

INSERT INTO `guru` (`id`, `kode`, `nama`, `guru`, `jenis_guru`, `jenjang`) VALUES
(1, 'A', 'Widodo, SE,M.M', 'Kepala Sekolah', ' - ', 'SMK'),
(2, 'B', 'Winartono, S.H', 'Staff TU', ' - ', 'SMK'),
(3, 'C', 'Swiyono, SE', 'Wakasek Kesiswaan', 'Produktif BDP', 'SMK'),
(4, 'D', 'Dini Chrisnawati,S.Pd ', 'Wakasek Kurikulum', 'Produktif AKL', 'SMK'),
(5, 'E', 'Hary Puspitarini, M.Pd ', 'Wakasek Sarana Prasana', 'Umum', 'SMK'),
(6, 'F', 'Irfan, S.Pd                       ', 'Ketua Prodi OTKP', 'Produktif OTKP', 'SMK'),
(7, 'G', 'Vishnu Isvara, S. Kom ', 'Ketua Prodi TKJ', 'Produktif TKJ', 'SMK'),
(8, 'H', 'Henri Wicaksono, S.E ', 'Ketua Prodi AKL', 'Produktif AKL', 'SMK'),
(9, 'I', 'Nofa Aji Zatmiko, S.Pd ', 'Ketua Prodi BDP', 'Produktif BDP', 'SMK'),
(10, 'J', 'Nurul Huda, S.Ag', 'Operator Sekolah', 'Umum', 'SMK'),
(11, 'K', 'Eko, S.S', 'Guru', 'Umum', 'SMK'),
(12, 'L', 'Sriyanti, S.Pd                 ', 'Guru', 'Produktif AKL', 'SMK'),
(13, 'M', 'Ajizah Tri Lestari, S.Si  ', 'Guru', 'Umum', 'SMK'),
(14, 'N', 'Istiqomah, S.Pd', 'Guru', 'Umum', 'SMK'),
(15, 'O', 'Tugijono, S.Ag                ', 'Guru', 'Umum', 'SMK'),
(16, 'P', 'Bambang Sumitro, S.Kom                              ', 'Guru', 'Produktif TKJ', 'SMK'),
(17, 'Q', 'Gutser Siburian, S.Pd     ', 'Guru', 'Umum', 'SMK'),
(18, 'R', 'Ugi Sistianto, S.Pd        ', 'Guru', 'Umum', 'SMK'),
(19, 'S', 'Drs. Puji Waluyo, MM  ', 'Guru', 'Umum', 'SMK'),
(20, 'T', 'Vevy Yurizal, S.Pd', 'Guru', 'Umum', 'SMK'),
(21, 'U', 'Suhendi, S.Pd', 'Guru', 'Umum', 'SMK'),
(22, 'V', 'Siswanto, M.Pd', 'Guru', 'Umum', 'SMK'),
(23, 'W', 'Risma Harjanti                ', 'Guru', 'Umum', 'SMK'),
(24, 'X', 'Winarno, S.Pd', 'Guru', 'Umum', 'SMK'),
(25, 'Y', 'Yayah Syamsiah, M.Pd', 'Guru', 'Produktif BDP', 'SMK'),
(26, 'Z', 'Maria Menge, M.Pd   ', 'Guru', 'Produktif BDP', 'SMK'),
(27, 'A1', 'Yuliar Sutan, S.Pd', 'Guru', 'Umum', 'SMK'),
(28, 'A2', 'Esa Fathonah, S.Pd', 'Guru', 'Umum', 'SMK'),
(29, 'A3', 'Priyono, S.Pd', 'Guru', 'Produktif OTKP', 'SMK'),
(30, 'A4', 'Yike Diana Syaputri,S.Pd', 'Guru', 'Umum', 'SMK'),
(31, 'A5', 'Eka Tiara Wirahayu, S.Pd', 'Guru', 'Umum', 'SMK'),
(32, 'A6', 'Khalisa Qatrunada, S.Ag', 'Guru', 'Umum', 'SMK'),
(33, 'A7', 'Lely Lianasari, S.Pd', 'Guru', 'Produktif OTKP', 'SMK'),
(34, 'A8', 'Eky Nurbani, S.Psi', 'Guru', 'Umum', 'SMK'),
(35, 'A9', 'Usup Raharjo, A.Md', 'Guru', 'Produktif TKJ', 'SMK'),
(36, 'A10', 'Mufidah, S.E', 'Guru', 'Produktif AKL', 'SMK'),
(37, 'B1', 'Rahmadika Surya S.Kom                             ', 'Guru', 'Produktif TKJ', 'SMK'),
(38, 'B2', 'Abu Amar A, S.Pd', 'Guru', 'Umum', 'SMK'),
(39, 'B2', 'Rabella Tria P, S.Pd ', 'Guru', 'Produktif OTKP', 'SMK'),
(40, 'B3', 'Dayanti Wisnu Wardani, S.Pd', 'Guru', 'Produktif AKL', 'SMK'),
(41, 'B4', 'Siti Maryam, S.Pd          ', 'Guru', 'Produktif BDP', 'SMK'),
(42, 'B5', 'Steven James, S.Kom', 'Guru', 'Produktif TKJ', 'SMK'),
(43, 'B6', 'Tyas Ayu Maharani', 'Guru', 'Umum', 'SMK'),
(44, 'B7', 'Novia Putri Yude, S.Pd', 'Guru', 'Umum', 'SMK'),
(45, 'B8', 'Adilah Widiasti, S.Kom', 'Guru', 'Produktif TKJ', 'SMK'),
(46, 'T1', 'Danang', 'Teknisi', 'Produktif TKJ', 'SMK'),
(47, 'T2', 'Marcellino Raditio', 'Teknisi', 'Produktif TKJ', 'SMK'),
(48, 'T3', 'Andika', 'Teknisi', 'Produktif TKJ', 'SMK'),
(49, 'T4', 'Shaine Stark, S.Pd', 'Kepala Sekolah', 'Umum', 'SMP'),
(50, 'T5', 'Colby Rosales, S.Pd', 'Guru', 'Umum', 'SMP'),
(51, 'T6', 'Scott Osborne, S.Pd', 'Guru', 'Umum', 'SMP'),
(52, 'T7', 'Justin Vinson, S.Pd', 'Guru', 'Umum', 'SMP'),
(53, 'T8', 'Nell Wolf, S.Pd', 'Guru', 'Umum', 'SMP'),
(54, 'T9', 'Hilda Rivas, S.Pd', 'Guru', 'Umum', 'SMP'),
(55, 'T10', 'Ayanna Hebert, S.Pd', 'Kepala Sekolah', 'Umum', 'SD'),
(56, 'T11', 'Hamilton Levy, S.Pd', 'Guru', 'Umum', 'SD'),
(57, 'T12', 'Gay Wilkerson, S.Pd', 'Guru', 'Umum', 'SD'),
(58, 'T13', 'Lois Graham, S.Pd', 'Kepala Sekolah', 'Umum', 'TK'),
(59, 'T14', 'Fuller Webb, S.Pd', 'Guru', 'Umum', 'TK'),
(60, 'T15', 'Lamar Bowman, S.Pd', 'Guru', 'Umum', 'TK'),
(61, 'T16', 'Ulysses Carrillo, S.Pd', 'Guru', 'Umum', 'TK'),
(62, 'T17', 'Nissim Short, S.Pd', 'Kepala Sekolah', 'Umum', 'SMA'),
(63, 'T18', 'Ciara Ingram, S.Pd', 'Guru', 'Umum', 'SMA'),
(64, 'T19', 'Avram Hamilton, S.Pd', 'Guru', 'Umum', 'SMA'),
(65, 'T20', 'Hedda Mayo, S.Pd', 'Guru', 'Umum', 'SMA');

-- --------------------------------------------------------

--
-- Struktur dari tabel `jurusan`
--

CREATE TABLE `jurusan` (
  `id` int(11) NOT NULL,
  `kode` varchar(8) NOT NULL,
  `jurusan` varchar(128) NOT NULL
) ENGINE=InnoDB DEFAULT CHARSET=utf8mb4;

--
-- Dumping data untuk tabel `jurusan`
--

INSERT INTO `jurusan` (`id`, `kode`, `jurusan`) VALUES
(101, 'AKL', 'AKUTANSI KEUANGAN LEMBAGA'),
(202, 'BDP', 'BISNIS DARING PEMASARAN'),
(303, 'OTKP', 'OTOMATISASI TATA KELOLA PERKANTORAN'),
(404, 'TKJ', 'TEKNIK KOMPUTER DAN JARINGAN');

-- --------------------------------------------------------

--
-- Struktur dari tabel `kelas`
--

CREATE TABLE `kelas` (
  `id` int(11) NOT NULL,
  `kode` varchar(8) NOT NULL,
  `kelas` varchar(128) NOT NULL
) ENGINE=InnoDB DEFAULT CHARSET=utf8mb4;

--
-- Dumping data untuk tabel `kelas`
--

INSERT INTO `kelas` (`id`, `kode`, `kelas`) VALUES
(101853, 'AKL', 'X AKL 1'),
(102700, 'AKL', 'X AKL 2'),
(103409, 'BDP', 'X BDP 1'),
(105376, 'OTKP', 'X OTKP 1'),
(106899, 'OTKP', 'X OTKP 2'),
(107123, 'TKJ', 'X TKJ 1'),
(108155, 'TKJ', 'X TKJ 2'),
(109807, 'TKJ', 'X TKJ 3'),
(110599, 'AKL', 'XI AKL 1'),
(111546, 'AKL', 'XI AKL 2'),
(112625, 'BDP', 'XI BDP 1'),
(113182, 'BDP', 'XI BDP 2'),
(114382, 'OTKP', 'XI OTKP 1'),
(115353, 'OTKP', 'XI OTKP 2'),
(116953, 'TKJ', 'XI TKJ 1'),
(117204, 'TKJ', 'XI TKJ 2'),
(118862, 'TKJ', 'XI TKJ 3'),
(119717, 'AKL', 'XII AKL 1'),
(120675, 'AKL', 'XII AKL 2'),
(121465, 'BDP', 'XII BDP 1'),
(122273, 'BDP', 'XII BDP 2'),
(123710, 'OTKP', 'XII OTKP 1'),
(124270, 'OTKP', 'XII OTKP 2'),
(125353, 'TKJ', 'XII TKJ 1'),
(126854, 'TKJ', 'XII TKJ 2'),
(127374, 'TKJ', 'XII TKJ 3');

-- --------------------------------------------------------

--
-- Struktur dari tabel `mapel`
--

CREATE TABLE `mapel` (
  `id_mapel` int(18) NOT NULL,
  `nama_mapel` varchar(255) NOT NULL
) ENGINE=InnoDB DEFAULT CHARSET=utf8mb4;

--
-- Dumping data untuk tabel `mapel`
--

INSERT INTO `mapel` (`id_mapel`, `nama_mapel`) VALUES
(104177, 'PRODUK KREATIF DAN KEWIRAUSAHAAN (XII AKL 1)'),
(104181, 'BAHASA INDONESIA (XII AKL 2)'),
(106438, 'BAHASA MANDARIN (XII TKJ 1)'),
(108225, 'MATEMATIKA (XI BDP 2)'),
(108407, 'PENDIDIKAN AGAMA KRISTEN (XI TKJ 2)'),
(109115, 'ETIKA PROFESI (X AKL 1)'),
(123276, 'PENDIDIKAN AGAMA KRISTEN (X OTKP 2)'),
(124241, 'PENATAAN PRODUK (XII BDP 1)'),
(126129, 'SIMULASI DAN KOMUNIKASI DIGITAL (X AKL 2)'),
(126421, 'PPKN (XI TKJ 3)'),
(131261, 'BAHASA INDONESIA (X OTKP 1)'),
(134328, 'OTK HUMAS DAN KEPROTOKOLAN (XII OTKP 1)'),
(136228, 'PJOK (XI BDP 2)'),
(137249, 'BAHASA INDONESIA (XII BDP 2)'),
(149139, 'PPKN (XI AKL 1)'),
(150336, 'BAHASA MANDARIN (XII OTKP 2)'),
(151322, 'MATEMATIKA (XII OTKP 1)'),
(152291, 'KEARSIPAN (X OTKP 2)'),
(152394, 'PENDIDIKAN AGAMA KRISTEN (XI TKJ 1)'),
(155119, 'PENDIDIKAN AGAMA ISLAM (X AKL 2)'),
(155378, 'PPKN (X TKJ 3)'),
(155390, 'KOMPUTER DAN JARINGAN DASAR (X TKJ 3)'),
(158259, 'PENDIDIKAN AGAMA KRISTEN (X OTKP 1)'),
(168403, 'ADMINISTRASI SISTEM JARINGAN (XI TKJ 1)'),
(171171, 'BAHASA MANDARIN (XII AKL 1)'),
(171214, 'BAHASA MANDARIN (XI BDP 1)'),
(173302, 'OTK SARANA DAN PRASARANA (XI OTKP 1)'),
(175114, 'IPA (X AKL 1)'),
(175155, 'MATEMATIKA (XI AKL 2)'),
(176413, 'PJOK (XI TKJ 2)'),
(177102, 'PENDIDIKAN AGAMA KRISTEN (X AKL 1)'),
(180432, 'PENDIDIKAN AGAMA ISLAM (XII TKJ 1)'),
(184450, 'ADMINISTRASI INFRASTRUKTUR JARINGAN (XII TKJ 2)'),
(186131, 'ADMINISTRASI UMUM (X AKL 2)'),
(186332, 'PPKN (XII OTKP 2)'),
(187199, 'SENI BUDAYA (X BDP 1)'),
(191311, 'BAHASA MANDARIN (XI OTKP 2)'),
(193196, 'SEJARAH INDONESIA (X BDP 1)'),
(197179, 'PENDIDIKAN AGAMA KRISTEN (XII AKL 2)'),
(202161, 'AKUNTANSI KEUANGAN (XI AKL 2)'),
(202227, 'BAHASA MANDARIN (XI BDP 2)'),
(209430, 'TEKNOLOGI LAYANAN JARINGAN (XI TKJ 3)'),
(211411, 'BAHASA INGGRIS (XI TKJ 2)'),
(215232, 'ADMINISTRASI TRANSAKSI (XI BDP 2)'),
(223387, 'FISIKA (X TKJ 3)'),
(224239, 'BAHASA INGGRIS (XII BDP 1)'),
(226148, 'KOMPUTER AKUNTANSI (XI AKL 1)'),
(228415, 'ADMINISTRASI INFRASTRUKTUR JARINGAN (XI TKJ 2)'),
(232417, 'TEKNOLOGI LAYANAN JARINGAN (XI TKJ 2)'),
(232420, 'PENDIDIKAN AGAMA KRISTEN (XI TKJ 3)'),
(233285, 'SIMULASI DAN KOMUNIKASI DIGITAL (X OTKP 2)'),
(234347, 'SEJARAH INDONESIA (X TKJ 1)'),
(237395, 'PPKN (XI TKJ 1)'),
(238258, 'PENDIDIKAN AGAMA ISLAM (X OTKP 1)'),
(240123, 'MATEMATIKA (X AKL 2)'),
(245174, 'AKUNTANSI KEUANGAN (XII AKL 1)'),
(245399, 'BAHASA MANDARIN (XI TKJ 1)'),
(246182, 'MATEMATIKA (XII AKL 2)'),
(253142, 'BAHASA INGGRIS (XI AKL 1)'),
(260331, 'PENDIDIKAN AGAMA KRISTEN (XII OTKP 2)'),
(261138, 'PENDIDIKAN AGAMA KRISTEN (XI AKL 1)'),
(266357, 'PEMROGRAMAN DASAR (X TKJ 1)'),
(267216, 'PENATAAN PRODUK (XI BDP 1)'),
(269248, 'PPKN (XII BDP 2)'),
(270149, 'ADMINISTRASI PAJAK (XI AKL 1)'),
(277201, 'SIMULASI DAN KOMUNIKASI DIGITAL (X BDP 1)'),
(277251, 'BAHASA INGGRIS (XII BDP 2)'),
(278136, 'PERBANKAN DASAR (X AKL 2)'),
(279456, 'PPKN (XII TKJ 3)'),
(280250, 'MATEMATIKA (XII BDP 2)'),
(283452, 'TEKNOLOGI LAYANAN JARINGAN (XII TKJ 2)'),
(290344, 'PPKN (X TKJ 1)'),
(292443, 'PENDIDIKAN AGAMA ISLAM (XII TKJ 2)'),
(293237, 'BAHASA INDONESIA (XII BDP 1)'),
(294340, 'OTK HUMAS DAN KEPROTOKOLAN (XII OTKP 2)'),
(294343, 'PENDIDIKAN AGAMA KRISTEN (X TKJ 1)'),
(296392, 'DASAR DESAIN GRAFIS (X TKJ 3)'),
(297370, 'FISIKA (X TKJ 2)'),
(299434, 'PPKN (XII TKJ 1)'),
(300220, 'PRODUK KREATIF DAN KEWIRAUSAHAAN (XI BDP 1)'),
(300255, 'PENGELOLAAN BISNIS RITEL (XII BDP 2)'),
(303424, 'BAHASA INGGRIS (XI TKJ 3)'),
(310116, 'SPREADSHEET (X AKL 1)'),
(312169, 'MATEMATIKA (XII AKL 1)'),
(313439, 'ADMINISTRASI INFRASTRUKTUR JARINGAN (XII TKJ 1)'),
(314444, 'PENDIDIKAN AGAMA KRISTEN (XII TKJ 2)'),
(315257, 'PRODUK KREATIF DAN KEWIRAUSAHAAN (XII BDP 2)'),
(318293, 'PENDIDIKAN AGAMA KRISTEN (XI OTKP 1)'),
(323369, 'SIMULASI DAN KOMUNIKASI DIGITAL (X TKJ 2)'),
(323441, 'TEKNOLOGI LAYANAN JARINGAN (XII TKJ 1)'),
(339334, 'MATEMATIKA (XII OTKP 2)'),
(342419, 'PENDIDIKAN AGAMA ISLAM (XI TKJ 3)'),
(345178, 'PENDIDIKAN AGAMA ISLAM (XII AKL 2)'),
(351159, 'PRAKTIKUM AK PERUSAHAAN JASA, DAGANG, DAN MANUFAKTUR (XI AKL 2)'),
(354184, 'BAHASA MANDARIN (XII AKL 2)'),
(357254, 'BISNIS ONLINE (XII BDP 2)'),
(358238, 'MATEMATIKA (XII BDP 1)'),
(359305, 'PENDIDIKAN AGAMA ISLAM (XI OTKP 2)'),
(360244, 'ADMINISTRASI TRANSAKSI (XII BDP 1)'),
(361313, 'OTK KEPEGAWAIAN (XI OTKP 2)'),
(362371, 'KIMIA (X TKJ 2)'),
(366350, 'SENI BUDAYA (X TKJ 1)'),
(367268, 'SIMULASI DAN KOMUNIKASI DIGITAL (X OTKP 1)'),
(367437, 'BAHASA INGGRIS (XII TKJ 1)'),
(372284, 'PJOK (X OTKP 2)'),
(373338, 'OTK KEUANGAN (XII OTKP 2)'),
(374333, 'BAHASA INDONESIA (XII OTKP 2)'),
(377246, 'PENDIDIKAN AGAMA ISLAM (XII BDP 2)'),
(381355, 'SISTEM KOMPUTER (X TKJ 1)'),
(381365, 'BAHASA INGGRIS (X TKJ 2)'),
(383110, 'PJOK (X AKL 1)'),
(384310, 'BAHASA INGGRIS (XI OTKP 2)'),
(384428, 'ADMINISTRASI INFRASTRUKTUR JARINGAN (XI TKJ 3)'),
(391135, 'AKUNTANSI DASAR (X AKL 2)'),
(393275, 'PENDIDIKAN AGAMA ISLAM (X OTKP 2)'),
(395213, 'BAHASA INGGRIS (XI BDP 1)'),
(397384, 'SENI BUDAYA (X TKJ 3)'),
(400402, 'ADMINISTRASI INFRASTRUKTUR JARINGAN (XI TKJ 1)'),
(408401, 'TEKNOLOGI JARINGAN BERBASIS LUAS (WAN) (XI TKJ 1)'),
(409202, 'EKONOMI BISNIS (X BDP 1)'),
(410273, 'KORESPONDENSI (X OTKP 1)'),
(415190, 'PRODUK KREATIF DAN KEWIRAUSAHAAN (XII AKL 2)'),
(418104, 'BAHASA INDONESIA (X AKL 1)'),
(425349, 'BAHASA MANDARIN (X TKJ 1)'),
(426143, 'BAHASA MANDARIN (XI AKL 1)'),
(426189, 'ADMINISTRASI PAJAK (XII AKL 2)'),
(436375, 'DASAR DESAIN GRAFIS (X TKJ 2)'),
(439292, 'PENDIDIKAN AGAMA ISLAM (XI OTKP 1)'),
(441147, 'AKUNTANSI KEUANGAN (XI AKL 1)'),
(441386, 'SIMULASI DAN KOMUNIKASI DIGITAL (X TKJ 3)'),
(442425, 'BAHASA MANDARIN (XI TKJ 3)'),
(445312, 'PJOK (XI OTKP 2)'),
(446231, 'PENGELOLAAN BISNIS RITEL (XI BDP 2)'),
(449323, 'BAHASA INGGRIS (XII OTKP 1)'),
(449435, 'BAHASA INDONESIA (XII TKJ 1)'),
(456242, 'BISNIS ONLINE (XII BDP 1)'),
(457126, 'BAHASA MANDARIN (X AKL 2)'),
(457324, 'BAHASA MANDARIN (XII OTKP 1)'),
(461307, 'PPKN (XI OTKP 2)'),
(464230, 'BISNIS ONLINE (XI BDP 2)'),
(464398, 'BAHASA INGGRIS (XI TKJ 1)'),
(477127, 'SENI BUDAYA (X AKL 2)'),
(482303, 'OTK HUMAS DAN KEPROTOKOLAN (XI OTKP 1)'),
(482320, 'PPKN (XII OTKP 1)'),
(485440, 'ADMINISTRASI SISTEM JARINGAN (XII TKJ 1)'),
(486374, 'PEMROGRAMAN DASAR (X TKJ 2)'),
(489247, 'PENDIDIKAN AGAMA KRISTEN (XII BDP 2)'),
(491150, 'PRODUK KREATIF DAN KEWIRAUSAHAAN (XI AKL 1)'),
(491219, 'ADMINISTRASI TRANSAKSI (XI BDP 1)'),
(493120, 'PENDIDIKAN AGAMA KRISTEN (X AKL 2)'),
(493172, 'PRAKTIKUM AK PERUSAHAAN JASA, DAGANG, DAN MANUFAKTUR (XII AKL 1)'),
(493287, 'ADMINISTRASI UMUM (X OTKP 2)'),
(498341, 'PRODUK KREATIF DAN KEWIRAUSAHAAN (XII OTKP 2)'),
(503426, 'PJOK (XI TKJ 3)'),
(504405, 'PRODUK KREATIF DAN KEWIRAUSAHAAN (XI TKJ 1)'),
(506141, 'MATEMATIKA (XI AKL 1)'),
(506206, 'PERENCANAAN BISNIS (X BDP 1)'),
(507191, 'PENDIDIKAN AGAMA ISLAM (X BDP 1)'),
(507445, 'PPKN (XII TKJ 2)'),
(510167, 'PPKN (XII AKL 1)'),
(510296, 'MATEMATIKA (XI OTKP 1)'),
(514361, 'PPKN (X TKJ 2)'),
(529282, 'BAHASA MANDARIN (X OTKP 2)'),
(531229, 'PENATAAN PRODUK (XI BDP 2)'),
(536122, 'BAHASA INDONESIA (X AKL 2)'),
(539372, 'SISTEM KOMPUTER (X TKJ 2)'),
(543210, 'PPKN (XI BDP 1)'),
(545455, 'PENDIDIKAN AGAMA KRISTEN (XII TKJ 3)'),
(550449, 'BAHASA MANDARIN (XII TKJ 2)'),
(553222, 'PENDIDIKAN AGAMA KRISTEN (XI BDP 2)'),
(556106, 'SEJARAH INDONESIA (X AKL 1)'),
(556319, 'PENDIDIKAN AGAMA KRISTEN (XII OTKP 1)'),
(558442, 'PRODUK KREATIF DAN KEWIRAUSAHAAN (XII TKJ 1)'),
(559304, 'PRODUK KREATIF DAN KEWIRAUSAHAAN (XI OTKP 1)'),
(562158, 'PJOK (XI AKL 2)'),
(563132, 'IPA (X AKL 2)'),
(566146, 'PRAKTIKUM AK LEMBAGA (XI AKL 1)'),
(566170, 'BAHASA INGGRIS (XII AKL 1)'),
(569423, 'MATEMATIKA (XI TKJ 3)'),
(572245, 'PRODUK KREATIF DAN KEWIRAUSAHAAN (XII BDP 1)'),
(573346, 'MATEMATIKA (X TKJ 1)'),
(573383, 'BAHASA MANDARIN (X TKJ 3)'),
(575113, 'ADMINISTRASI UMUM (X AKL 1)'),
(576379, 'BAHASA INDONESIA (X TKJ 3)'),
(578382, 'BAHASA INGGRIS (X TKJ 3)'),
(582337, 'OTK KEPEGAWAIAN (XII OTKP 2)'),
(584253, 'PENATAAN PRODUK (XII BDP 2)'),
(585166, 'PENDIDIKAN AGAMA KRISTEN (XII AKL 1)'),
(586134, 'SPREADSHEET (X AKL 2)'),
(587309, 'MATEMATIKA (XI OTKP 2)'),
(590460, 'BAHASA MANDARIN (XII TKJ 3)'),
(591364, 'SEJARAH INDONESIA (X TKJ 2)'),
(594348, 'BAHASA INGGRIS (X TKJ 1)'),
(595217, 'BISNIS ONLINE (XI BDP 1)'),
(597263, 'SEJARAH INDONESIA (X OTKP 1)'),
(599128, 'PJOK (X AKL 2)'),
(599283, 'SENI BUDAYA (X OTKP 2)'),
(606281, 'BAHASA INGGRIS (X OTKP 2)'),
(606404, 'TEKNOLOGI LAYANAN JARINGAN (XI TKJ 1)'),
(607269, 'EKONOMI BISNIS (X OTKP 1)'),
(611351, 'PJOK (X TKJ 1)'),
(614205, 'MARKETING (X BDP 1)'),
(614243, 'PENGELOLAAN BISNIS RITEL (XII BDP 1)'),
(615111, 'SIMULASI DAN KOMUNIKASI DIGITAL (X AKL 1)'),
(616218, 'PENGELOLAAN BISNIS RITEL (XI BDP 1)'),
(620204, 'IPA (X BDP 1)'),
(623459, 'BAHASA INGGRIS (XII TKJ 3)'),
(624400, 'PJOK (XI TKJ 1)'),
(627264, 'BAHASA INGGRIS (X OTKP 1)'),
(632260, 'PPKN (X OTKP 1)'),
(633117, 'AKUNTANSI DASAR (X AKL 1)'),
(641211, 'BAHASA INDONESIA (XI BDP 1)'),
(641429, 'ADMINISTRASI SISTEM JARINGAN (XI TKJ 3)'),
(652125, 'BAHASA INGGRIS (X AKL 2)'),
(653274, 'KEARSIPAN (X OTKP 1)'),
(657107, 'BAHASA INGGRIS (X AKL 1)'),
(657152, 'PENDIDIKAN AGAMA KRISTEN (XI AKL 2)'),
(659356, 'KOMPUTER DAN JARINGAN DASAR (X TKJ 1)'),
(663103, 'PPKN (X AKL 1)'),
(663112, 'EKONOMI BISNIS (X AKL 1)'),
(669187, 'AKUNTANSI KEUANGAN (XII AKL 2)'),
(673448, 'BAHASA INGGRIS (XII TKJ 2)'),
(678157, 'BAHASA MANDARIN (XI AKL 2)'),
(682461, 'ADMINISTRASI INFRASTRUKTUR JARINGAN (XII TKJ 3)'),
(687360, 'PENDIDIKAN AGAMA KRISTEN (X TKJ 2)'),
(688381, 'SEJARAH INDONESIA (X TKJ 3)'),
(690325, 'OTK KEPEGAWAIAN (XII OTKP 1)'),
(693175, 'KOMPUTER AKUNTANSI (XII AKL 1)'),
(695265, 'BAHASA MANDARIN (X OTKP 1)'),
(695367, 'SENI BUDAYA (X TKJ 2)'),
(695454, 'PENDIDIKAN AGAMA ISLAM (XII TKJ 3)'),
(697224, 'BAHASA INDONESIA (XI BDP 2)'),
(698288, 'IPA (X OTKP 2)'),
(698408, 'PPKN (XI TKJ 2)'),
(699234, 'PENDIDIKAN AGAMA ISLAM (XII BDP 1)'),
(701194, 'BAHASA INDONESIA (X BDP 1)'),
(703198, 'BAHASA MANDARIN (X BDP 1)'),
(703431, 'PRODUK KREATIF DAN KEWIRAUSAHAAN (XI TKJ 3)'),
(704295, 'BAHASA INDONESIA (XI OTKP 1)'),
(704406, 'PENDIDIKAN AGAMA ISLAM (XI TKJ 2)'),
(706270, 'ADMINISTRASI UMUM (X OTKP 1)'),
(714209, 'PENDIDIKAN AGAMA KRISTEN (XI BDP 1)'),
(716447, 'MATEMATIKA (XII TKJ 2)'),
(720195, 'MATEMATIKA (X BDP 1)'),
(724156, 'BAHASA INGGRIS (XI AKL 2)'),
(730153, 'PPKN (XI AKL 2)'),
(732368, 'PJOK (X TKJ 2)'),
(733193, 'PPKN (X BDP 1)'),
(735377, 'PENDIDIKAN AGAMA KRISTEN (X TKJ 3)'),
(736410, 'MATEMATIKA (XI TKJ 2)'),
(738393, 'PENDIDIKAN AGAMA ISLAM (XI TKJ 1)'),
(738412, 'BAHASA MANDARIN (XI TKJ 2)'),
(743353, 'FISIKA (X TKJ 1)'),
(748154, 'BAHASA INDONESIA (XI AKL 2)'),
(756397, 'MATEMATIKA (XI TKJ 1)'),
(756458, 'MATEMATIKA (XII TKJ 3)'),
(763124, 'SEJARAH INDONESIA (X AKL 2)'),
(763140, 'BAHASA INDONESIA (XI AKL 1)'),
(764321, 'BAHASA INDONESIA (XII OTKP 1)'),
(765267, 'PJOK (X OTKP 1)'),
(767168, 'BAHASA INDONESIA (XII AKL 1)'),
(767339, 'OTK SARANA DAN PRASARANA (XII OTKP 2)'),
(768380, 'MATEMATIKA (X TKJ 3)'),
(769215, 'PJOK (XI BDP 1)'),
(769226, 'BAHASA INGGRIS (XI BDP 2)'),
(773314, 'OTK KEUANGAN (XI OTKP 2)'),
(779299, 'PJOK (XI OTKP 1)'),
(782446, 'BAHASA INDONESIA (XII TKJ 2)'),
(785359, 'PENDIDIKAN AGAMA ISLAM (X TKJ 2)'),
(787345, 'BAHASA INDONESIA (X TKJ 1)'),
(788163, 'ADMINISTRASI PAJAK (XI AKL 2)'),
(788358, 'DASAR DESAIN GRAFIS (X TKJ 1)'),
(797330, 'PENDIDIKAN AGAMA ISLAM (XII OTKP 2)'),
(800130, 'EKONOMI BISNIS (X AKL 2)'),
(802294, 'PPKN (XI OTKP 1)'),
(803192, 'PENDIDIKAN AGAMA KRISTEN (X BDP 1)'),
(805427, 'TEKNOLOGI JARINGAN BERBASIS LUAS (WAN) (XI TKJ 3)'),
(806118, 'PERBANKAN DASAR (X AKL 1)'),
(807173, 'PRAKTIKUM AK LEMBAGA (XII AKL 1)'),
(809160, 'PRAKTIKUM AK LEMBAGA (XI AKL 2)'),
(810352, 'SIMULASI DAN KOMUNIKASI DIGITAL (X TKJ 1)'),
(811203, 'ADMINISTRASI UMUM (X BDP 1)'),
(814290, 'KORESPONDENSI (X OTKP 2)'),
(814385, 'PJOK (X TKJ 3)'),
(814464, 'PRODUK KREATIF DAN KEWIRAUSAHAAN (XII TKJ 3)'),
(817279, 'MATEMATIKA (X OTKP 2)'),
(818329, 'PRODUK KREATIF DAN KEWIRAUSAHAAN (XII OTKP 1)'),
(819315, 'OTK SARANA DAN PRASARANA (XI OTKP 2)'),
(822289, 'TEKNOLOGI PERKANTORAN (X OTKP 2)'),
(825252, 'BAHASA MANDARIN (XII BDP 2)'),
(826186, 'PRAKTIKUM AK LEMBAGA (XII AKL 2)'),
(827462, 'ADMINISTRASI SISTEM JARINGAN (XII TKJ 3)'),
(830197, 'BAHASA INGGRIS (X BDP 1)'),
(831286, 'EKONOMI BISNIS (X OTKP 2)'),
(834185, 'PRAKTIKUM AK PERUSAHAAN JASA, DAGANG, DAN MANUFAKTUR (XII AKL 2)'),
(839280, 'SEJARAH INDONESIA (X OTKP 2)'),
(850363, 'MATEMATIKA (X TKJ 2)'),
(855236, 'PPKN (XII BDP 1)'),
(862308, 'BAHASA INDONESIA (XI OTKP 2)'),
(864235, 'PENDIDIKAN AGAMA KRISTEN (XII BDP 1)'),
(866418, 'PRODUK KREATIF DAN KEWIRAUSAHAAN (XI TKJ 2)'),
(867376, 'PENDIDIKAN AGAMA ISLAM (X TKJ 3)'),
(871162, 'KOMPUTER AKUNTANSI (XI AKL 2)'),
(875277, 'PPKN (X OTKP 2)'),
(877208, 'PENDIDIKAN AGAMA ISLAM (XI BDP 1)'),
(877354, 'KIMIA (X TKJ 1)'),
(879373, 'KOMPUTER DAN JARINGAN DASAR (X TKJ 2)'),
(880121, 'PPKN (X AKL 2)'),
(881416, 'ADMINISTRASI SISTEM JARINGAN (XI TKJ 2)'),
(882388, 'KIMIA (X TKJ 3)'),
(884165, 'PENDIDIKAN AGAMA ISLAM (XII AKL 1)'),
(886271, 'IPA (X OTKP 1)'),
(886278, 'BAHASA INDONESIA (X OTKP 2)'),
(887414, 'TEKNOLOGI JARINGAN BERBASIS LUAS (WAN) (XI TKJ 2)'),
(887422, 'BAHASA INDONESIA (XI TKJ 3)'),
(890188, 'KOMPUTER AKUNTANSI (XII AKL 2)'),
(891436, 'MATEMATIKA (XII TKJ 1)'),
(894133, 'ETIKA PROFESI (X AKL 2)'),
(894453, 'PRODUK KREATIF DAN KEWIRAUSAHAAN (XII TKJ 2)'),
(895105, 'MATEMATIKA (X AKL 1)'),
(897316, 'OTK HUMAS DAN KEPROTOKOLAN (XI OTKP 2)'),
(900183, 'BAHASA INGGRIS (XII AKL 2)'),
(900342, 'PENDIDIKAN AGAMA ISLAM (X TKJ 1)'),
(905180, 'PPKN (XII AKL 2)'),
(906335, 'BAHASA INGGRIS (XII OTKP 2)'),
(910144, 'PJOK (XI AKL 1)'),
(916326, 'OTK KEUANGAN (XII OTKP 1)'),
(917433, 'PENDIDIKAN AGAMA KRISTEN (XII TKJ 1)'),
(922109, 'SENI BUDAYA (X AKL 1)'),
(922223, 'PPKN (XI BDP 2)'),
(922297, 'BAHASA INGGRIS (XI OTKP 1)'),
(922301, 'OTK KEUANGAN (XI OTKP 1)'),
(929366, 'BAHASA MANDARIN (X TKJ 2)'),
(934463, 'TEKNOLOGI LAYANAN JARINGAN (XII TKJ 3)'),
(935391, 'PEMROGRAMAN DASAR (X TKJ 3)'),
(936396, 'BAHASA INDONESIA (XI TKJ 1)'),
(939207, 'KOMUNIKASI BISNIS (X BDP 1)'),
(940137, 'PENDIDIKAN AGAMA ISLAM (XI AKL 1)'),
(941176, 'ADMINISTRASI PAJAK (XII AKL 1)'),
(947101, 'PENDIDIKAN AGAMA ISLAM (X AKL 1)'),
(950272, 'TEKNOLOGI PERKANTORAN (X OTKP 1)'),
(955151, 'PENDIDIKAN AGAMA ISLAM (XI AKL 2)'),
(955256, 'ADMINISTRASI TRANSAKSI (XII BDP 2)'),
(962300, 'OTK KEPEGAWAIAN (XI OTKP 1)'),
(966389, 'SISTEM KOMPUTER (X TKJ 3)'),
(969409, 'BAHASA INDONESIA (XI TKJ 2)'),
(971145, 'PRAKTIKUM AK PERUSAHAAN JASA, DAGANG, DAN MANUFAKTUR (XI AKL 1)'),
(971266, 'SENI BUDAYA (X OTKP 1)'),
(972298, 'BAHASA MANDARIN (XI OTKP 1)'),
(973362, 'BAHASA INDONESIA (X TKJ 2)'),
(975221, 'PENDIDIKAN AGAMA ISLAM (XI BDP 2)'),
(978200, 'PJOK (X BDP 1)'),
(978457, 'BAHASA INDONESIA (XII TKJ 3)'),
(979327, 'OTK SARANA DAN PRASARANA (XII OTKP 1)'),
(983233, 'PRODUK KREATIF DAN KEWIRAUSAHAAN (XI BDP 2)'),
(986164, 'PRODUK KREATIF DAN KEWIRAUSAHAAN (XI AKL 2)'),
(987318, 'PENDIDIKAN AGAMA ISLAM (XII OTKP 1)'),
(990240, 'BAHASA MANDARIN (XII BDP 1)'),
(991212, 'MATEMATIKA (XI BDP 1)'),
(991317, 'PRODUK KREATIF DAN KEWIRAUSAHAAN (XI OTKP 2)'),
(992306, 'PENDIDIKAN AGAMA KRISTEN (XI OTKP 2)'),
(995108, 'BAHASA MANDARIN (X AKL 1)'),
(996451, 'ADMINISTRASI SISTEM JARINGAN (XII TKJ 2)'),
(999262, 'MATEMATIKA (X OTKP 1)');

-- --------------------------------------------------------

--
-- Struktur dari tabel `siswa`
--

CREATE TABLE `siswa` (
  `id` int(11) NOT NULL,
  `nama_siswa` varchar(512) NOT NULL,
  `kelas` varchar(16) NOT NULL,
  `jurusan` varchar(8) NOT NULL,
  `username` varchar(128) NOT NULL,
  `password` varchar(128) NOT NULL
) ENGINE=InnoDB DEFAULT CHARSET=utf8mb4;

--
-- Dumping data untuk tabel `siswa`
--

INSERT INTO `siswa` (`id`, `nama_siswa`, `kelas`, `jurusan`, `username`, `password`) VALUES
(1001, 'ADITYA NURUL FIKRI', '101853', 'AKL', 'K010300981001', 'SMKTHBISA2122'),
(1002, 'ALIYA INDRIYANI PUTRI', '101853', 'AKL', 'K010300981002', 'SMKTHBISA2122'),
(1003, 'ALYA NASYWA KHAERANI', '101853', 'AKL', 'K010300981003', 'SMKTHBISA2122'),
(1004, 'AMRAN DANY', '101853', 'AKL', 'K010300981004', 'SMKTHBISA2122'),
(1005, 'BAGUS ARIEF SAPUTRA', '101853', 'AKL', 'K010300981005', 'SMKTHBISA2122'),
(1006, 'CATERINE NATALIA TEJA', '101853', 'AKL', 'K010300981006', 'SMKTHBISA2122'),
(1007, 'CICI HERDIANTI', '101853', 'AKL', 'K010300981007', 'SMKTHBISA2122'),
(1008, 'David Umar', '101853', 'AKL', 'K010300981008', 'SMKTHBISA2122'),
(1009, 'DHEASY NOVITA KUSUMA YETI', '101853', 'AKL', 'K010300981009', 'SMKTHBISA2122'),
(1010, 'HASNA LINDHI NASYROHAH', '101853', 'AKL', 'K010300981010', 'SMKTHBISA2122'),
(1011, 'INDI NOVI TRIANI', '101853', 'AKL', 'K010300981011', 'SMKTHBISA2122'),
(1012, 'INTAN HESTIYANA', '101853', 'AKL', 'K010300981012', 'SMKTHBISA2122'),
(1013, 'MARCEL EDHI SUTIKNA', '101853', 'AKL', 'K010300981013', 'SMKTHBISA2122'),
(1014, 'NABILAH INTAN NURAINI', '101853', 'AKL', 'K010300981014', 'SMKTHBISA2122'),
(1015, 'NAILATUSY ARIBAH TASIMA', '101853', 'AKL', 'K010300981015', 'SMKTHBISA2122'),
(1016, 'NATASYA ANANDA SANTOSO', '101853', 'AKL', 'K010300981016', 'SMKTHBISA2122'),
(1017, 'NAZWA AULIA SALSABILLA', '101853', 'AKL', 'K010300981017', 'SMKTHBISA2122'),
(1018, 'NIDA KHOIRURRAHMAH', '101853', 'AKL', 'K010300981018', 'SMKTHBISA2122'),
(1019, 'RAMANDA OKTAVIANI', '101853', 'AKL', 'K010300981019', 'SMKTHBISA2122'),
(1020, 'RAMDZAN MULIAWAN TRAHSAPUTRA', '101853', 'AKL', 'K010300981020', 'SMKTHBISA2122'),
(1021, 'SADIAH .', '101853', 'AKL', 'K010300981021', 'SMKTHBISA2122'),
(1022, 'Salsa Zulfa Hisana', '101853', 'AKL', 'K010300981022', 'SMKTHBISA2122'),
(1023, 'SHERREN FEBRIANY', '101853', 'AKL', 'K010300981023', 'SMKTHBISA2122'),
(1024, 'STEVANI PUTRI WIJAYA', '101853', 'AKL', 'K010300981024', 'SMKTHBISA2122'),
(1025, 'TIARA PUSPITA SARI', '101853', 'AKL', 'K010300981025', 'SMKTHBISA2122'),
(1026, 'VANI HARIYANTI', '101853', 'AKL', 'K010300981026', 'SMKTHBISA2122'),
(1027, 'ADITYA PRATAMA', '102700', 'AKL', 'K010300981027', 'SMKTHBISA2122'),
(1028, 'ADUTA BAYHAQI', '102700', 'AKL', 'K010300981028', 'SMKTHBISA2122'),
(1029, 'AHMAD RIDWAN', '102700', 'AKL', 'K010300981029', 'SMKTHBISA2122'),
(1030, 'ANIN DWI RAHMAWATI', '102700', 'AKL', 'K010300981030', 'SMKTHBISA2122'),
(1031, 'AULIA DZURUN NAFIS', '102700', 'AKL', 'K010300981031', 'SMKTHBISA2122'),
(1032, 'CHERRYL DEANDYA KHALISHAH', '102700', 'AKL', 'K010300981032', 'SMKTHBISA2122'),
(1033, 'DENADA OLIVIA PUTRISETYAWATI', '102700', 'AKL', 'K010300981033', 'SMKTHBISA2122'),
(1034, 'DWI PRAMBANDARI', '102700', 'AKL', 'K010300981034', 'SMKTHBISA2122'),
(1035, 'ERIKA ILMANISA', '102700', 'AKL', 'K010300981035', 'SMKTHBISA2122'),
(1036, 'INEU SANTIKA', '102700', 'AKL', 'K010300981036', 'SMKTHBISA2122'),
(1037, 'INTAN MAHARANI', '102700', 'AKL', 'K010300981037', 'SMKTHBISA2122'),
(1038, 'IRWANSYAH .', '102700', 'AKL', 'K010300981038', 'SMKTHBISA2122'),
(1039, 'MUHAMMAD YUSUF FADLAN', '102700', 'AKL', 'K010300981039', 'SMKTHBISA2122'),
(1040, 'NANDA AULYA ARIYANDI', '102700', 'AKL', 'K010300981040', 'SMKTHBISA2122'),
(1041, 'NATASYA PELITA RAMADHANI', '102700', 'AKL', 'K010300981041', 'SMKTHBISA2122'),
(1042, 'NAURAH SASMITA PUTRI', '102700', 'AKL', 'K010300981042', 'SMKTHBISA2122'),
(1043, 'NAYLA PUTRI RAHARI', '102700', 'AKL', 'K010300981043', 'SMKTHBISA2122'),
(1044, 'NISA UL HASANAH', '102700', 'AKL', 'K010300981044', 'SMKTHBISA2122'),
(1045, 'ORYSA SATIVA', '102700', 'AKL', 'K010300981045', 'SMKTHBISA2122'),
(1046, 'RIVAL WAHYUDIN', '102700', 'AKL', 'K010300981046', 'SMKTHBISA2122'),
(1047, 'Rizky  Dwi Karnadi', '102700', 'AKL', 'K010300981047', 'SMKTHBISA2122'),
(1048, 'SARAH AULIA', '102700', 'AKL', 'K010300981048', 'SMKTHBISA2122'),
(1049, 'SATRIA PUTRA', '102700', 'AKL', 'K010300981049', 'SMKTHBISA2122'),
(1050, 'SELO GIRI ADJI PANGESTU', '102700', 'AKL', 'K010300981050', 'SMKTHBISA2122'),
(1051, 'WULAN SUCI PUSPITASARI', '102700', 'AKL', 'K010300981051', 'SMKTHBISA2122'),
(1052, 'WULAN TARI', '102700', 'AKL', 'K010300981052', 'SMKTHBISA2122'),
(1053, 'AKBAR SADEWA', '103409', 'BDP', 'K010300981053', 'SMKTHBISA2122'),
(1054, 'ANDHIKA DIAN SAPUTRA', '103409', 'BDP', 'K010300981054', 'SMKTHBISA2122'),
(1055, 'ANDRE YULIANTO', '103409', 'BDP', 'K010300981055', 'SMKTHBISA2122'),
(1056, 'ARDIONA ATTA SAPUTRA', '103409', 'BDP', 'K010300981056', 'SMKTHBISA2122'),
(1057, 'AULIA ANDINI', '103409', 'BDP', 'K010300981057', 'SMKTHBISA2122'),
(1058, 'BAHRUDIN SIROTH', '103409', 'BDP', 'K010300981058', 'SMKTHBISA2122'),
(1059, 'BRILLIANT MUHAMMAD PRANAYA', '103409', 'BDP', 'K010300981059', 'SMKTHBISA2122'),
(1060, 'CHINDY WULAN SARI', '103409', 'BDP', 'K010300981060', 'SMKTHBISA2122'),
(1061, 'DAYDAEL RAHMAT PRIHARTONO', '103409', 'BDP', 'K010300981061', 'SMKTHBISA2122'),
(1062, 'DEVINDA CHRISTIANAH', '103409', 'BDP', 'K010300981062', 'SMKTHBISA2122'),
(1063, 'DIANA FEBRIASTUTI', '103409', 'BDP', 'K010300981063', 'SMKTHBISA2122'),
(1064, 'DIKI MUZALFA', '103409', 'BDP', 'K010300981064', 'SMKTHBISA2122'),
(1065, 'DINI AULIA', '103409', 'BDP', 'K010300981065', 'SMKTHBISA2122'),
(1066, 'FAKHRIY PUTRA MAULANA', '103409', 'BDP', 'K010300981066', 'SMKTHBISA2122'),
(1067, 'FIONA FASTAG FARA', '103409', 'BDP', 'K010300981067', 'SMKTHBISA2122'),
(1068, 'GURUH PRIYANDONO', '103409', 'BDP', 'K010300981068', 'SMKTHBISA2122'),
(1069, 'HAFISTH IKHSAN MAULANA', '103409', 'BDP', 'K010300981069', 'SMKTHBISA2122'),
(1070, 'JUNEDI .', '103409', 'BDP', 'K010300981070', 'SMKTHBISA2122'),
(1071, 'KEISYA DWI AMELIA', '103409', 'BDP', 'K010300981071', 'SMKTHBISA2122'),
(1072, 'M. SYAH HABIANTO', '103409', 'BDP', 'K010300981072', 'SMKTHBISA2122'),
(1073, 'MARCELLINO ADI PRATAMA', '103409', 'BDP', 'K010300981073', 'SMKTHBISA2122'),
(1074, 'MIFTAHUL SAPUTRA', '103409', 'BDP', 'K010300981074', 'SMKTHBISA2122'),
(1075, 'MUHAMAD ROZAK', '103409', 'BDP', 'K010300981075', 'SMKTHBISA2122'),
(1076, 'MUHAMAD RIYANSYAH', '103409', 'BDP', 'K010300981076', 'SMKTHBISA2122'),
(1077, 'MUHAMAD RAKA HADI SANJAYA', '103409', 'BDP', 'K010300981077', 'SMKTHBISA2122'),
(1078, 'MUHAMMAD DAFFA', '103409', 'BDP', 'K010300981078', 'SMKTHBISA2122'),
(1079, 'MUHAMMAD DAFFA ANSORI', '103409', 'BDP', 'K010300981079', 'SMKTHBISA2122'),
(1080, 'NUR KHOLIS HENDAR', '103409', 'BDP', 'K010300981080', 'SMKTHBISA2122'),
(1081, 'Pendi  Nur Setiawan', '103409', 'BDP', 'K010300981081', 'SMKTHBISA2122'),
(1082, 'RAMA ADLI ALFIAN', '103409', 'BDP', 'K010300981082', 'SMKTHBISA2122'),
(1083, 'RIZKI ANANDA PRASETIA', '103409', 'BDP', 'K010300981083', 'SMKTHBISA2122'),
(1084, 'SAFIRA ZAHRA', '103409', 'BDP', 'K010300981084', 'SMKTHBISA2122'),
(1085, 'SAHRULDIN .', '103409', 'BDP', 'K010300981085', 'SMKTHBISA2122'),
(1086, 'SELVIA ELVINA DARA PUSPITA', '103409', 'BDP', 'K010300981086', 'SMKTHBISA2122'),
(1087, 'SELVY AYU DAVISTA', '103409', 'BDP', 'K010300981087', 'SMKTHBISA2122'),
(1088, 'SHANDY PUTRA IRWANSYAH', '103409', 'BDP', 'K010300981088', 'SMKTHBISA2122'),
(1089, 'SHOHAIH AGYL SAPUTRA', '103409', 'BDP', 'K010300981089', 'SMKTHBISA2122'),
(1090, 'SIDIK DWI MUNADZAR', '103409', 'BDP', 'K010300981090', 'SMKTHBISA2122'),
(1091, 'SYIFATUL HASANAH', '103409', 'BDP', 'K010300981091', 'SMKTHBISA2122'),
(1092, 'Tisya  Octavia Ramadhani', '103409', 'BDP', 'K010300981092', 'SMKTHBISA2122'),
(1093, 'YOEDI .', '103409', 'BDP', 'K010300981093', 'SMKTHBISA2122'),
(1094, 'ADELIA ANGRAINI ZAHRA', '105376', 'OTKP', 'K010300981094', 'SMKTHBISA2122'),
(1095, 'AGNES PASKA TAMBUNAN', '105376', 'OTKP', 'K010300981095', 'SMKTHBISA2122'),
(1096, 'ALIVIA SUCI RAMADHANI', '105376', 'OTKP', 'K010300981096', 'SMKTHBISA2122'),
(1097, 'AMANDA PUTRI SITIO', '105376', 'OTKP', 'K010300981097', 'SMKTHBISA2122'),
(1098, 'AMANDA YULIA PERMATASARI', '105376', 'OTKP', 'K010300981098', 'SMKTHBISA2122'),
(1099, 'ANISA DINI AYU AGUSTIN', '105376', 'OTKP', 'K010300981099', 'SMKTHBISA2122'),
(1100, 'ARTIKA SARI', '105376', 'OTKP', 'K010300981100', 'SMKTHBISA2122'),
(1101, 'AWALIA PUTRI', '105376', 'OTKP', 'K010300981101', 'SMKTHBISA2122'),
(1102, 'DELLY PUSPITA SARI', '105376', 'OTKP', 'K010300981102', 'SMKTHBISA2122'),
(1103, 'DEWI SHINTA WIJAYA', '105376', 'OTKP', 'K010300981103', 'SMKTHBISA2122'),
(1104, 'DIFA AISYAH PUTRI', '105376', 'OTKP', 'K010300981104', 'SMKTHBISA2122'),
(1105, 'ELSA APRILIA SAFITRI', '105376', 'OTKP', 'K010300981105', 'SMKTHBISA2122'),
(1106, 'FANNY DWI MUNAENI', '105376', 'OTKP', 'K010300981106', 'SMKTHBISA2122'),
(1107, 'FRIDA SIWI MASYAWATI', '105376', 'OTKP', 'K010300981107', 'SMKTHBISA2122'),
(1108, 'HARTANTI WIJAYA', '105376', 'OTKP', 'K010300981108', 'SMKTHBISA2122'),
(1109, 'JESICA TRISIA PUTRI', '105376', 'OTKP', 'K010300981109', 'SMKTHBISA2122'),
(1110, 'KALISA NABILA', '105376', 'OTKP', 'K010300981110', 'SMKTHBISA2122'),
(1111, 'LAILAH .', '105376', 'OTKP', 'K010300981111', 'SMKTHBISA2122'),
(1112, 'MARSELLINA .', '105376', 'OTKP', 'K010300981112', 'SMKTHBISA2122'),
(1113, 'MEI RIYANTI', '105376', 'OTKP', 'K010300981113', 'SMKTHBISA2122'),
(1114, 'NABILA MUKHTAR', '105376', 'OTKP', 'K010300981114', 'SMKTHBISA2122'),
(1115, 'NAGITA ZAHARANI', '105376', 'OTKP', 'K010300981115', 'SMKTHBISA2122'),
(1116, 'NAJWA INDAH LESTARI', '105376', 'OTKP', 'K010300981116', 'SMKTHBISA2122'),
(1117, 'NATASYA ALAWIYAH', '105376', 'OTKP', 'K010300981117', 'SMKTHBISA2122'),
(1118, 'NURUL ZHAHRANI', '105376', 'OTKP', 'K010300981118', 'SMKTHBISA2122'),
(1119, 'RISTY INDRIANI PUTRI', '105376', 'OTKP', 'K010300981119', 'SMKTHBISA2122'),
(1120, 'SEFHIA MAHARANI', '105376', 'OTKP', 'K010300981120', 'SMKTHBISA2122'),
(1121, 'SILVIANA NUGRAHA', '105376', 'OTKP', 'K010300981121', 'SMKTHBISA2122'),
(1122, 'SILVIE .', '105376', 'OTKP', 'K010300981122', 'SMKTHBISA2122'),
(1123, 'SITI TWANTI', '105376', 'OTKP', 'K010300981123', 'SMKTHBISA2122'),
(1124, 'SOFHIANA PUTRI SUTRISNO', '105376', 'OTKP', 'K010300981124', 'SMKTHBISA2122'),
(1125, 'SUHANI .', '105376', 'OTKP', 'K010300981125', 'SMKTHBISA2122'),
(1126, 'VIVIAN CORNELIA SETIAWAN', '105376', 'OTKP', 'K010300981126', 'SMKTHBISA2122'),
(1127, 'WINDA RESTU FALIHA', '105376', 'OTKP', 'K010300981127', 'SMKTHBISA2122'),
(1128, 'ADELIA ZAHRA KHIRANA', '106899', 'OTKP', 'K010300981128', 'SMKTHBISA2122'),
(1129, 'AMANDA NURMALA', '106899', 'OTKP', 'K010300981129', 'SMKTHBISA2122'),
(1130, 'AMELIA ARIYANTI', '106899', 'OTKP', 'K010300981130', 'SMKTHBISA2122'),
(1131, 'ANIS SYAHIIDAH MEILANI', '106899', 'OTKP', 'K010300981131', 'SMKTHBISA2122'),
(1132, 'ANISSA .', '106899', 'OTKP', 'K010300981132', 'SMKTHBISA2122'),
(1133, 'ASHA SHARA APRIANA', '106899', 'OTKP', 'K010300981133', 'SMKTHBISA2122'),
(1134, 'AZ ZAHRA ZIDNI NAYSABILLA', '106899', 'OTKP', 'K010300981134', 'SMKTHBISA2122'),
(1135, 'DEA RAHMA ALYA', '106899', 'OTKP', 'K010300981135', 'SMKTHBISA2122'),
(1136, 'DHEA RAHMAWATI', '106899', 'OTKP', 'K010300981136', 'SMKTHBISA2122'),
(1137, 'FIKA DAVILA', '106899', 'OTKP', 'K010300981137', 'SMKTHBISA2122'),
(1138, 'FLORA CINDY AULIA', '106899', 'OTKP', 'K010300981138', 'SMKTHBISA2122'),
(1139, 'IRMA SEPTIANI IRWANSYAH', '106899', 'OTKP', 'K010300981139', 'SMKTHBISA2122'),
(1140, 'KHUSNUL KHOTIMATUL ZAHRA', '106899', 'OTKP', 'K010300981140', 'SMKTHBISA2122'),
(1141, 'NABILA SEPTIYANA DEWI', '106899', 'OTKP', 'K010300981141', 'SMKTHBISA2122'),
(1142, 'NABILA PUTRI SETIAWAN', '106899', 'OTKP', 'K010300981142', 'SMKTHBISA2122'),
(1143, 'NABYLA .', '106899', 'OTKP', 'K010300981143', 'SMKTHBISA2122'),
(1144, 'NANDITA PUTRI RAMADHANI', '106899', 'OTKP', 'K010300981144', 'SMKTHBISA2122'),
(1145, 'NEZA CHARLITA', '106899', 'OTKP', 'K010300981145', 'SMKTHBISA2122'),
(1146, 'NIMAS NUR YAUMI', '106899', 'OTKP', 'K010300981146', 'SMKTHBISA2122'),
(1147, 'NIRMALASARI .', '106899', 'OTKP', 'K010300981147', 'SMKTHBISA2122'),
(1148, 'NOVIA AMANDA', '106899', 'OTKP', 'K010300981148', 'SMKTHBISA2122'),
(1149, 'NURHIKMAH .', '106899', 'OTKP', 'K010300981149', 'SMKTHBISA2122'),
(1150, 'PUTRI AYU WULANDARI', '106899', 'OTKP', 'K010300981150', 'SMKTHBISA2122'),
(1151, 'RATNA DILAH', '106899', 'OTKP', 'K010300981151', 'SMKTHBISA2122'),
(1152, 'RINI NURBAITI', '106899', 'OTKP', 'K010300981152', 'SMKTHBISA2122'),
(1153, 'RIYANTI WAFIQ AZIZAH', '106899', 'OTKP', 'K010300981153', 'SMKTHBISA2122'),
(1154, 'Salsabila Nurul Fitri', '106899', 'OTKP', 'K010300981154', 'SMKTHBISA2122'),
(1155, 'SITI MUTIARA WARDAH', '106899', 'OTKP', 'K010300981155', 'SMKTHBISA2122'),
(1156, 'SYAIRA RANI ASMARI PUTRI', '106899', 'OTKP', 'K010300981156', 'SMKTHBISA2122'),
(1157, 'TASYA MUT\'ALIFAH', '106899', 'OTKP', 'K010300981157', 'SMKTHBISA2122'),
(1158, 'TRIA KARTINI WAHYUDI', '106899', 'OTKP', 'K010300981158', 'SMKTHBISA2122'),
(1159, 'WINDA AULIA', '106899', 'OTKP', 'K010300981159', 'SMKTHBISA2122'),
(1160, 'WINDA RESTU FALIHA', '106899', 'OTKP', 'K010300981160', 'SMKTHBISA2122'),
(1161, 'ADI PRATAMA', '107123', 'TKJ', 'K010300981161', 'SMKTHBISA2122'),
(1162, 'AGUNG RAMADHAN', '107123', 'TKJ', 'K010300981162', 'SMKTHBISA2122'),
(1163, 'AHMAD AGUS TAWAKAL', '107123', 'TKJ', 'K010300981163', 'SMKTHBISA2122'),
(1164, 'ALBERTINUS SABAM SILAEN', '107123', 'TKJ', 'K010300981164', 'SMKTHBISA2122'),
(1165, 'ALFIAN FEBRIYANTO', '107123', 'TKJ', 'K010300981165', 'SMKTHBISA2122'),
(1166, 'ALFIAN NUR ILHAM', '107123', 'TKJ', 'K010300981166', 'SMKTHBISA2122'),
(1167, 'ALPIN RAMADAN SETIAWAN', '107123', 'TKJ', 'K010300981167', 'SMKTHBISA2122'),
(1168, 'DENTA FITRI NOVIANI', '107123', 'TKJ', 'K010300981168', 'SMKTHBISA2122'),
(1169, 'EGI KURNIA', '107123', 'TKJ', 'K010300981169', 'SMKTHBISA2122'),
(1170, 'EGNER CONSTANTIN', '107123', 'TKJ', 'K010300981170', 'SMKTHBISA2122'),
(1171, 'ERICH JALEMBA JUNIARTA', '107123', 'TKJ', 'K010300981171', 'SMKTHBISA2122'),
(1172, 'FADLY ERLANGGA', '107123', 'TKJ', 'K010300981172', 'SMKTHBISA2122'),
(1173, 'FATHYA AULIA', '107123', 'TKJ', 'K010300981173', 'SMKTHBISA2122'),
(1174, 'FIKHAR HADI SAPUTRA', '107123', 'TKJ', 'K010300981174', 'SMKTHBISA2122'),
(1175, 'FRANS LEONARDO HADIWINATA', '107123', 'TKJ', 'K010300981175', 'SMKTHBISA2122'),
(1176, 'GILANG MAULANA AKBAR', '107123', 'TKJ', 'K010300981176', 'SMKTHBISA2122'),
(1177, 'HAFIDZ SYAHPUTRO', '107123', 'TKJ', 'K010300981177', 'SMKTHBISA2122'),
(1178, 'KELVIN OKTA RAMADHAN', '107123', 'TKJ', 'K010300981178', 'SMKTHBISA2122'),
(1179, 'MAULANA IKSAN', '107123', 'TKJ', 'K010300981179', 'SMKTHBISA2122'),
(1180, 'MOHAMAD RIZKI', '107123', 'TKJ', 'K010300981180', 'SMKTHBISA2122'),
(1181, 'MUHAMAD SUBASTIAN', '107123', 'TKJ', 'K010300981181', 'SMKTHBISA2122'),
(1182, 'MUHAMMAD DAFFI', '107123', 'TKJ', 'K010300981182', 'SMKTHBISA2122'),
(1183, 'MUHAMMAD ANGGI SAPUTRA', '107123', 'TKJ', 'K010300981183', 'SMKTHBISA2122'),
(1184, 'MUHAMMAD RIZKY AL AKBAR', '107123', 'TKJ', 'K010300981184', 'SMKTHBISA2122'),
(1185, 'NOVAL RAMADAN', '107123', 'TKJ', 'K010300981185', 'SMKTHBISA2122'),
(1186, 'NOVEL SYAHPUTRA HALIM', '107123', 'TKJ', 'K010300981186', 'SMKTHBISA2122'),
(1187, 'PANJI RAHMADI', '107123', 'TKJ', 'K010300981187', 'SMKTHBISA2122'),
(1188, 'RADIS SETIAWAN', '107123', 'TKJ', 'K010300981188', 'SMKTHBISA2122'),
(1189, 'RAFA MAULANA ARDIANSYAH', '107123', 'TKJ', 'K010300981189', 'SMKTHBISA2122'),
(1190, 'RAFLI AGUNG PRAYOGA', '107123', 'TKJ', 'K010300981190', 'SMKTHBISA2122'),
(1191, 'SIGIT NURCAHYONO', '107123', 'TKJ', 'K010300981191', 'SMKTHBISA2122'),
(1192, 'TYO RIYADI SYAPUTRA', '107123', 'TKJ', 'K010300981192', 'SMKTHBISA2122'),
(1193, 'YULIO LUKAS ADRIANO HUTAGAOL', '107123', 'TKJ', 'K010300981193', 'SMKTHBISA2122'),
(1194, 'ZIDAN RIZKY RAMADHAN', '107123', 'TKJ', 'K010300981194', 'SMKTHBISA2122'),
(1195, 'ADE IRSYAD ABIDIN', '108155', 'TKJ', 'K010300981195', 'SMKTHBISA2122'),
(1196, 'AFRIZAL ARDIANSYAH', '108155', 'TKJ', 'K010300981196', 'SMKTHBISA2122'),
(1197, 'ALBASRAH MOHAMAD SALEH RAGO', '108155', 'TKJ', 'K010300981197', 'SMKTHBISA2122'),
(1198, 'ALDI AWALUDIN', '108155', 'TKJ', 'K010300981198', 'SMKTHBISA2122'),
(1199, 'ANDIKA .', '108155', 'TKJ', 'K010300981199', 'SMKTHBISA2122'),
(1200, 'ARDESTA KURNIAWAN', '108155', 'TKJ', 'K010300981200', 'SMKTHBISA2122'),
(1201, 'ARDI DANU ANGGARA', '108155', 'TKJ', 'K010300981201', 'SMKTHBISA2122'),
(1202, 'ARIEL ILHAMI', '108155', 'TKJ', 'K010300981202', 'SMKTHBISA2122'),
(1203, 'BAYU SAPUTRA', '108155', 'TKJ', 'K010300981203', 'SMKTHBISA2122'),
(1204, 'DAMARUDIN .', '108155', 'TKJ', 'K010300981204', 'SMKTHBISA2122'),
(1205, 'DEDI MARDIYANSYAH', '108155', 'TKJ', 'K010300981205', 'SMKTHBISA2122'),
(1206, 'DEVFRAN ADITYA SUHERNO PUTRA', '108155', 'TKJ', 'K010300981206', 'SMKTHBISA2122'),
(1207, 'DHIMAS KURNIAWAN BASORI', '108155', 'TKJ', 'K010300981207', 'SMKTHBISA2122'),
(1208, 'DIKI RAMADAN', '108155', 'TKJ', 'K010300981208', 'SMKTHBISA2122'),
(1209, 'FAJAR NUGRAHA', '108155', 'TKJ', 'K010300981209', 'SMKTHBISA2122'),
(1210, 'FIKRI FAHREZA', '108155', 'TKJ', 'K010300981210', 'SMKTHBISA2122'),
(1211, 'FIRMANSYAH .', '108155', 'TKJ', 'K010300981211', 'SMKTHBISA2122'),
(1212, 'HABIB SUFYAN FADILLAH', '108155', 'TKJ', 'K010300981212', 'SMKTHBISA2122'),
(1213, 'HAIKAL FIKRI NURWANTO', '108155', 'TKJ', 'K010300981213', 'SMKTHBISA2122'),
(1214, 'I PUTU GALIHANDRA REVA ULUM DINATA', '108155', 'TKJ', 'K010300981214', 'SMKTHBISA2122'),
(1215, 'ILHAM RAHMATULLOH', '108155', 'TKJ', 'K010300981215', 'SMKTHBISA2122'),
(1216, 'INDAH FAAKHIRA SEBASTIAN', '108155', 'TKJ', 'K010300981216', 'SMKTHBISA2122'),
(1217, 'KEFIN HIDAYAT', '108155', 'TKJ', 'K010300981217', 'SMKTHBISA2122'),
(1218, 'MUHAMAD ARDIANSYAH', '108155', 'TKJ', 'K010300981218', 'SMKTHBISA2122'),
(1219, 'MUHAMMAD RIFKI RABBANI', '108155', 'TKJ', 'K010300981219', 'SMKTHBISA2122'),
(1220, 'MUHAMMAD NANDA FIRMANSYAH', '108155', 'TKJ', 'K010300981220', 'SMKTHBISA2122'),
(1221, 'MUHAMMAD MAULANA RAMDHANI', '108155', 'TKJ', 'K010300981221', 'SMKTHBISA2122'),
(1222, 'NADIA NURLITA', '108155', 'TKJ', 'K010300981222', 'SMKTHBISA2122'),
(1223, 'PINDY AUGY SEPTIANU PUTRA', '108155', 'TKJ', 'K010300981223', 'SMKTHBISA2122'),
(1224, 'PITON .', '108155', 'TKJ', 'K010300981224', 'SMKTHBISA2122'),
(1225, 'RIFQI AZHAR SAPUTRA', '108155', 'TKJ', 'K010300981225', 'SMKTHBISA2122'),
(1226, 'RIZKY BAGASKORO', '108155', 'TKJ', 'K010300981226', 'SMKTHBISA2122'),
(1227, 'ROFIQY MIRYAL AL MURTADHA', '108155', 'TKJ', 'K010300981227', 'SMKTHBISA2122'),
(1228, 'SATRIAWAN TRIE SAPUTRA', '108155', 'TKJ', 'K010300981228', 'SMKTHBISA2122'),
(1229, 'AHMAD SAPUTRA', '109807', 'TKJ', 'K010300981229', 'SMKTHBISA2122'),
(1230, 'AKMAL FEBRYANSYAH', '109807', 'TKJ', 'K010300981230', 'SMKTHBISA2122'),
(1231, 'ANDYKA PUTRA PRASETYA', '109807', 'TKJ', 'K010300981231', 'SMKTHBISA2122'),
(1232, 'ANIS TIARA WATI', '109807', 'TKJ', 'K010300981232', 'SMKTHBISA2122'),
(1233, 'ARMANDA PUTRA', '109807', 'TKJ', 'K010300981233', 'SMKTHBISA2122'),
(1234, 'CHANDRA ANDIKA', '109807', 'TKJ', 'K010300981234', 'SMKTHBISA2122'),
(1235, 'DAVI TRISNA PRASETYA', '109807', 'TKJ', 'K010300981235', 'SMKTHBISA2122'),
(1236, 'DAVID HERMANSYAH', '109807', 'TKJ', 'K010300981236', 'SMKTHBISA2122'),
(1237, 'DIAH SINTIA', '109807', 'TKJ', 'K010300981237', 'SMKTHBISA2122'),
(1238, 'DIEGO RAFI GHATHFAAN', '109807', 'TKJ', 'K010300981238', 'SMKTHBISA2122'),
(1239, 'FABRIAN AFRIANSYAH', '109807', 'TKJ', 'K010300981239', 'SMKTHBISA2122'),
(1240, 'FARIJ ASHIDIQI', '109807', 'TKJ', 'K010300981240', 'SMKTHBISA2122'),
(1241, 'FELIX ADIKA', '109807', 'TKJ', 'K010300981241', 'SMKTHBISA2122'),
(1242, 'FICRI CHOIRUL IMAM', '109807', 'TKJ', 'K010300981242', 'SMKTHBISA2122'),
(1243, 'FIRGIE HAFIANSYAH FAHREVI', '109807', 'TKJ', 'K010300981243', 'SMKTHBISA2122'),
(1244, 'GAFARA EKA FAHRIZA', '109807', 'TKJ', 'K010300981244', 'SMKTHBISA2122'),
(1245, 'GHUFRON KHAIRULLAH', '109807', 'TKJ', 'K010300981245', 'SMKTHBISA2122'),
(1246, 'KHARENAL ARDIANTONY', '109807', 'TKJ', 'K010300981246', 'SMKTHBISA2122'),
(1247, 'MUHAMAD RIZKY', '109807', 'TKJ', 'K010300981247', 'SMKTHBISA2122'),
(1248, 'MUHAMAD APRIANSYAH', '109807', 'TKJ', 'K010300981248', 'SMKTHBISA2122'),
(1249, 'MUHAMAD CHAIRIEL', '109807', 'TKJ', 'K010300981249', 'SMKTHBISA2122'),
(1250, 'MUHAMMAD REZA BAGUS', '109807', 'TKJ', 'K010300981250', 'SMKTHBISA2122'),
(1251, 'MUHAMMAD ALFARIZA', '109807', 'TKJ', 'K010300981251', 'SMKTHBISA2122'),
(1252, 'MUHAMMAD RIZKY FARIZAH', '109807', 'TKJ', 'K010300981252', 'SMKTHBISA2122'),
(1253, 'MUHAMMAD AFDANY PUTRA WIJAYA', '109807', 'TKJ', 'K010300981253', 'SMKTHBISA2122'),
(1254, 'NOVALLINO .', '109807', 'TKJ', 'K010300981254', 'SMKTHBISA2122'),
(1255, 'RAFLY RAMADHANLESMANA', '109807', 'TKJ', 'K010300981255', 'SMKTHBISA2122'),
(1256, 'RIFQI FADILLA DWIKA', '109807', 'TKJ', 'K010300981256', 'SMKTHBISA2122'),
(1257, 'RISVAL ANGGRA RESTA', '109807', 'TKJ', 'K010300981257', 'SMKTHBISA2122'),
(1258, 'RIYO .', '109807', 'TKJ', 'K010300981258', 'SMKTHBISA2122'),
(1259, 'SANDY PUTRA', '109807', 'TKJ', 'K010300981259', 'SMKTHBISA2122'),
(1260, 'SYAHRIL SUGANDA SAPUTRA', '109807', 'TKJ', 'K010300981260', 'SMKTHBISA2122'),
(1261, 'TB. AGU BAKAR ZEIN', '109807', 'TKJ', 'K010300981261', 'SMKTHBISA2122'),
(1262, 'ANDREAS ADIANTO', '110599', 'AKL', 'K010300981262', 'SMKTHBISA2122'),
(1263, 'AULIA FTIKA SARI', '110599', 'AKL', 'K010300981263', 'SMKTHBISA2122'),
(1264, 'BINTANG RAMADHANI', '110599', 'AKL', 'K010300981264', 'SMKTHBISA2122'),
(1265, 'CHOIRUL AKMAL HIDAYAT', '110599', 'AKL', 'K010300981265', 'SMKTHBISA2122'),
(1266, 'DEA MARCELLANI', '110599', 'AKL', 'K010300981266', 'SMKTHBISA2122'),
(1267, 'DESFIANA PUTRI WIDYARSANTI', '110599', 'AKL', 'K010300981267', 'SMKTHBISA2122'),
(1268, 'DEVIANA FERNANDA', '110599', 'AKL', 'K010300981268', 'SMKTHBISA2122'),
(1269, 'FADILLAH ROHMAN', '110599', 'AKL', 'K010300981269', 'SMKTHBISA2122'),
(1270, 'FAUZI WIBOWO', '110599', 'AKL', 'K010300981270', 'SMKTHBISA2122'),
(1271, 'FERDI YANSAH', '110599', 'AKL', 'K010300981271', 'SMKTHBISA2122'),
(1272, 'FIRMAN PRAYOGA', '110599', 'AKL', 'K010300981272', 'SMKTHBISA2122'),
(1273, 'FITRI NUR INDRIANI', '110599', 'AKL', 'K010300981273', 'SMKTHBISA2122'),
(1274, 'FITRI ZETIRA SALSA', '110599', 'AKL', 'K010300981274', 'SMKTHBISA2122'),
(1275, 'HABIB YAZID FIKRIANSYAH', '110599', 'AKL', 'K010300981275', 'SMKTHBISA2122'),
(1276, 'HANI ASTUTI', '110599', 'AKL', 'K010300981276', 'SMKTHBISA2122'),
(1277, 'HELEN SETIABUDI', '110599', 'AKL', 'K010300981277', 'SMKTHBISA2122'),
(1278, 'HERLINA SETIAWAN', '110599', 'AKL', 'K010300981278', 'SMKTHBISA2122'),
(1279, 'ILMA AMALIA', '110599', 'AKL', 'K010300981279', 'SMKTHBISA2122'),
(1280, 'IVANA CHANAFI', '110599', 'AKL', 'K010300981280', 'SMKTHBISA2122'),
(1281, 'JOSIANA GARETZA', '110599', 'AKL', 'K010300981281', 'SMKTHBISA2122'),
(1282, 'M ARYA DIVA', '110599', 'AKL', 'K010300981282', 'SMKTHBISA2122'),
(1283, 'MAYDA CHANAFI', '110599', 'AKL', 'K010300981283', 'SMKTHBISA2122'),
(1284, 'MUHAMAD RAFI EKA SAPUTRA', '110599', 'AKL', 'K010300981284', 'SMKTHBISA2122'),
(1285, 'NABILA APRILIA SANI', '110599', 'AKL', 'K010300981285', 'SMKTHBISA2122'),
(1286, 'NAJWA SABILLA AMRI', '110599', 'AKL', 'K010300981286', 'SMKTHBISA2122'),
(1287, 'NOVIA ADRIANA ELISANTY', '110599', 'AKL', 'K010300981287', 'SMKTHBISA2122'),
(1288, 'RAFA MALIKI ARDIANSYAH', '110599', 'AKL', 'K010300981288', 'SMKTHBISA2122'),
(1289, 'RAHMA SAECAR ROSSA LIANI', '110599', 'AKL', 'K010300981289', 'SMKTHBISA2122'),
(1290, 'RAHMAH RAHMAH', '110599', 'AKL', 'K010300981290', 'SMKTHBISA2122'),
(1291, 'RAKHEL MARYAM', '110599', 'AKL', 'K010300981291', 'SMKTHBISA2122'),
(1292, 'RATU NUR AYUNINGTIAS', '110599', 'AKL', 'K010300981292', 'SMKTHBISA2122'),
(1293, 'REVANI NADYA DESWIT', '110599', 'AKL', 'K010300981293', 'SMKTHBISA2122'),
(1294, 'ROSY GUSRIA NINGRUM', '110599', 'AKL', 'K010300981294', 'SMKTHBISA2122'),
(1295, 'SISKA AULIA', '110599', 'AKL', 'K010300981295', 'SMKTHBISA2122'),
(1296, 'SITI POUJIYAN', '110599', 'AKL', 'K010300981296', 'SMKTHBISA2122'),
(1297, 'SRI RAHAYU', '110599', 'AKL', 'K010300981297', 'SMKTHBISA2122'),
(1298, 'SURYANI SURYANI', '110599', 'AKL', 'K010300981298', 'SMKTHBISA2122'),
(1299, 'VANIA PUTRI WIJAYA', '110599', 'AKL', 'K010300981299', 'SMKTHBISA2122'),
(1300, 'VIANA PATRICIA ANG', '110599', 'AKL', 'K010300981300', 'SMKTHBISA2122'),
(1301, 'VIKKY PRIMA SUPELI', '110599', 'AKL', 'K010300981301', 'SMKTHBISA2122'),
(1302, 'ZAHRA LUTFI FEBRIANA', '110599', 'AKL', 'K010300981302', 'SMKTHBISA2122'),
(1303, 'ZAHRA AMELIA PUTRI', '110599', 'AKL', 'K010300981303', 'SMKTHBISA2122'),
(1304, 'AGISTI AMELIA', '111546', 'AKL', 'K010300981304', 'SMKTHBISA2122'),
(1305, 'AHMAD FAISAL RISALDI', '111546', 'AKL', 'K010300981305', 'SMKTHBISA2122'),
(1306, 'AHMAD TRI APIYAN', '111546', 'AKL', 'K010300981306', 'SMKTHBISA2122'),
(1307, 'ANANDA AGUSTIANINGSIH', '111546', 'AKL', 'K010300981307', 'SMKTHBISA2122'),
(1308, 'ANDRI DWI KURNIAWAN', '111546', 'AKL', 'K010300981308', 'SMKTHBISA2122'),
(1309, 'ARDIAN SYAH', '111546', 'AKL', 'K010300981309', 'SMKTHBISA2122'),
(1310, 'ARIA KRISNA JOHAERI', '111546', 'AKL', 'K010300981310', 'SMKTHBISA2122'),
(1311, 'ARYANI CHAIRUNNISA', '111546', 'AKL', 'K010300981311', 'SMKTHBISA2122'),
(1312, 'CECE CUMAIDA', '111546', 'AKL', 'K010300981312', 'SMKTHBISA2122'),
(1313, 'DESI WULANDARI', '111546', 'AKL', 'K010300981313', 'SMKTHBISA2122'),
(1314, 'DEVA PUSPITASARI', '111546', 'AKL', 'K010300981314', 'SMKTHBISA2122'),
(1315, 'DIAH PUTRI LESTARI', '111546', 'AKL', 'K010300981315', 'SMKTHBISA2122'),
(1316, 'EKA ROHMAWATI', '111546', 'AKL', 'K010300981316', 'SMKTHBISA2122'),
(1317, 'FELIANI MEI ASTUTI', '111546', 'AKL', 'K010300981317', 'SMKTHBISA2122'),
(1318, 'FITRIANA FITRIANA', '111546', 'AKL', 'K010300981318', 'SMKTHBISA2122'),
(1319, 'IIN RISKAWATI', '111546', 'AKL', 'K010300981319', 'SMKTHBISA2122'),
(1320, 'LISTIAWATI LISTIAWATI', '111546', 'AKL', 'K010300981320', 'SMKTHBISA2122'),
(1321, 'LUCKY FAUZI', '111546', 'AKL', 'K010300981321', 'SMKTHBISA2122'),
(1322, 'MANDA AGRISTINA', '111546', 'AKL', 'K010300981322', 'SMKTHBISA2122'),
(1323, 'MARSELINA MARSELINA', '111546', 'AKL', 'K010300981323', 'SMKTHBISA2122'),
(1324, 'MARSYA OLIVIA FARHAH', '111546', 'AKL', 'K010300981324', 'SMKTHBISA2122'),
(1325, 'MAYA FIRDAUS SARI', '111546', 'AKL', 'K010300981325', 'SMKTHBISA2122'),
(1326, 'MAYSEL FIDELA', '111546', 'AKL', 'K010300981326', 'SMKTHBISA2122'),
(1327, 'MIRAYANTI MIRAYANTI', '111546', 'AKL', 'K010300981327', 'SMKTHBISA2122'),
(1328, 'MOHAMAD ALDI HERDIANSYAH', '111546', 'AKL', 'K010300981328', 'SMKTHBISA2122'),
(1329, 'MUHAMAD MIFTAHUL A\'THO', '111546', 'AKL', 'K010300981329', 'SMKTHBISA2122'),
(1330, 'NAZWA DWI FADILLAH', '111546', 'AKL', 'K010300981330', 'SMKTHBISA2122'),
(1331, 'NITA AGUSTINA', '111546', 'AKL', 'K010300981331', 'SMKTHBISA2122'),
(1332, 'NIYA LASITA', '111546', 'AKL', 'K010300981332', 'SMKTHBISA2122'),
(1333, 'NUR KHOIRUNISA', '111546', 'AKL', 'K010300981333', 'SMKTHBISA2122'),
(1334, 'PUTRI SELVIANA', '111546', 'AKL', 'K010300981334', 'SMKTHBISA2122'),
(1335, 'RAYHAN MUHAMMAD DAFANSYAH', '111546', 'AKL', 'K010300981335', 'SMKTHBISA2122'),
(1336, 'RENI MUTIA', '111546', 'AKL', 'K010300981336', 'SMKTHBISA2122'),
(1337, 'REZA SHAFIRA WIJAYA', '111546', 'AKL', 'K010300981337', 'SMKTHBISA2122'),
(1338, 'RINI ALFIYANI', '111546', 'AKL', 'K010300981338', 'SMKTHBISA2122'),
(1339, 'RISKA NURUL KHOTIMAH', '111546', 'AKL', 'K010300981339', 'SMKTHBISA2122'),
(1340, 'RISKI SETIAWAN', '111546', 'AKL', 'K010300981340', 'SMKTHBISA2122'),
(1341, 'ROFAH ROFAH', '111546', 'AKL', 'K010300981341', 'SMKTHBISA2122'),
(1342, 'RYAN SEPTIAN', '111546', 'AKL', 'K010300981342', 'SMKTHBISA2122'),
(1343, 'SEPTI AMINATUL CHASANAH', '111546', 'AKL', 'K010300981343', 'SMKTHBISA2122'),
(1344, 'SUCI RIJKIA SARI', '111546', 'AKL', 'K010300981344', 'SMKTHBISA2122'),
(1345, 'SYAVANA EKI FEBRIYANTI', '111546', 'AKL', 'K010300981345', 'SMKTHBISA2122'),
(1346, 'THERESIA BUI HERA', '111546', 'AKL', 'K010300981346', 'SMKTHBISA2122'),
(1347, 'ZAHRA NUR NABILA', '111546', 'AKL', 'K010300981347', 'SMKTHBISA2122'),
(1348, 'ZAHRA AZIZAH DHAIFULLAH', '111546', 'AKL', 'K010300981348', 'SMKTHBISA2122'),
(1349, 'ABDULLAH RIYAD', '112625', 'BDP', 'K010300981349', 'SMKTHBISA2122'),
(1350, 'ALVIN .', '112625', 'BDP', 'K010300981350', 'SMKTHBISA2122'),
(1351, 'AMELIA PUTRI', '112625', 'BDP', 'K010300981351', 'SMKTHBISA2122'),
(1352, 'ANIS KARESLLA', '112625', 'BDP', 'K010300981352', 'SMKTHBISA2122'),
(1353, 'AQIL IBRANI', '112625', 'BDP', 'K010300981353', 'SMKTHBISA2122'),
(1354, 'DAVID ERIK HERMAWAN', '112625', 'BDP', 'K010300981354', 'SMKTHBISA2122'),
(1355, 'DELLA NURMAYANTIKA', '112625', 'BDP', 'K010300981355', 'SMKTHBISA2122'),
(1356, 'DENNIS RAFAEL', '112625', 'BDP', 'K010300981356', 'SMKTHBISA2122'),
(1357, 'DEVIDA AULIA', '112625', 'BDP', 'K010300981357', 'SMKTHBISA2122'),
(1358, 'DEVINA LORENZA KURNIA PUTRY', '112625', 'BDP', 'K010300981358', 'SMKTHBISA2122'),
(1359, 'DINA CAHYANI', '112625', 'BDP', 'K010300981359', 'SMKTHBISA2122'),
(1360, 'ELISA FEBRIYANTI', '112625', 'BDP', 'K010300981360', 'SMKTHBISA2122'),
(1361, 'FADLI M NUGRAHA', '112625', 'BDP', 'K010300981361', 'SMKTHBISA2122'),
(1362, 'FATMAH AYU', '112625', 'BDP', 'K010300981362', 'SMKTHBISA2122'),
(1363, 'FEBRIAN FRANSIUS', '112625', 'BDP', 'K010300981363', 'SMKTHBISA2122'),
(1364, 'FERIYANSYAH .', '112625', 'BDP', 'K010300981364', 'SMKTHBISA2122'),
(1365, 'IQBAL ILHAMSYAH', '112625', 'BDP', 'K010300981365', 'SMKTHBISA2122'),
(1366, 'KEZIA CAROLINA NONITEMA', '112625', 'BDP', 'K010300981366', 'SMKTHBISA2122'),
(1367, 'Maysia  Laurent Yosephin', '112625', 'BDP', 'K010300981367', 'SMKTHBISA2122'),
(1368, 'MUHAMMAD FIRDAUS', '112625', 'BDP', 'K010300981368', 'SMKTHBISA2122'),
(1369, 'MUHAMMAD AJI SURAHMAN', '112625', 'BDP', 'K010300981369', 'SMKTHBISA2122'),
(1370, 'MUHAMMAD REVALDI', '112625', 'BDP', 'K010300981370', 'SMKTHBISA2122'),
(1371, 'MUHAMMAD NOVAL ADITYA', '112625', 'BDP', 'K010300981371', 'SMKTHBISA2122'),
(1372, 'Muslim Aziz abdullah', '112625', 'BDP', 'K010300981372', 'SMKTHBISA2122'),
(1373, 'NABILA RIZKY TIRTANANDA', '112625', 'BDP', 'K010300981373', 'SMKTHBISA2122'),
(1374, 'NICHOLAS .', '112625', 'BDP', 'K010300981374', 'SMKTHBISA2122'),
(1375, 'NUR INTAN AULIA RAHMADINA', '112625', 'BDP', 'K010300981375', 'SMKTHBISA2122'),
(1376, 'PENDI PRASETYO', '112625', 'BDP', 'K010300981376', 'SMKTHBISA2122'),
(1377, 'PERNANDO SAPUTRA', '112625', 'BDP', 'K010300981377', 'SMKTHBISA2122'),
(1378, 'PINGKAN LAILA OKTAVIANI', '112625', 'BDP', 'K010300981378', 'SMKTHBISA2122'),
(1379, 'PRETI AUDIA', '112625', 'BDP', 'K010300981379', 'SMKTHBISA2122'),
(1380, 'PUTRI .', '112625', 'BDP', 'K010300981380', 'SMKTHBISA2122'),
(1381, 'PUTRI ARIYANI', '112625', 'BDP', 'K010300981381', 'SMKTHBISA2122'),
(1382, 'PUTRI AULIA', '112625', 'BDP', 'K010300981382', 'SMKTHBISA2122'),
(1383, 'RAGIL NURIL ANWAR', '112625', 'BDP', 'K010300981383', 'SMKTHBISA2122'),
(1384, 'RAHMA FITRI YANI', '112625', 'BDP', 'K010300981384', 'SMKTHBISA2122'),
(1385, 'RINI RUSTRIMIATI', '112625', 'BDP', 'K010300981385', 'SMKTHBISA2122'),
(1386, 'RIVALDI AFRIAN', '112625', 'BDP', 'K010300981386', 'SMKTHBISA2122'),
(1387, 'TEGUH SOLEH', '112625', 'BDP', 'K010300981387', 'SMKTHBISA2122'),
(1388, 'ULFA NURMAYANTI', '112625', 'BDP', 'K010300981388', 'SMKTHBISA2122'),
(1389, 'WAHYUDI .', '112625', 'BDP', 'K010300981389', 'SMKTHBISA2122'),
(1390, 'YUSUP SLAMET RAHARJO', '112625', 'BDP', 'K010300981390', 'SMKTHBISA2122'),
(1391, 'ABDUL MUJIB WADI', '113182', 'BDP', 'K010300981391', 'SMKTHBISA2122'),
(1392, 'AHMAD FAIZ RAMDHANI', '113182', 'BDP', 'K010300981392', 'SMKTHBISA2122'),
(1393, 'ANGGI MAULANA', '113182', 'BDP', 'K010300981393', 'SMKTHBISA2122'),
(1394, 'ANNISA RAHMAN', '113182', 'BDP', 'K010300981394', 'SMKTHBISA2122'),
(1395, 'BINTANG WIDIYASTARA ASROFI', '113182', 'BDP', 'K010300981395', 'SMKTHBISA2122'),
(1396, 'BUNGGA ARSITA PUTRI', '113182', 'BDP', 'K010300981396', 'SMKTHBISA2122'),
(1397, 'DEA SABELA PUTRI', '113182', 'BDP', 'K010300981397', 'SMKTHBISA2122'),
(1398, 'FEBRIANSYAH SANJAYA', '113182', 'BDP', 'K010300981398', 'SMKTHBISA2122'),
(1399, 'FIRJATULLAH ANISSA RAHMAN', '113182', 'BDP', 'K010300981399', 'SMKTHBISA2122'),
(1400, 'ILHAM APRILIANSYAH', '113182', 'BDP', 'K010300981400', 'SMKTHBISA2122'),
(1401, 'INDAH AYUNI SARI', '113182', 'BDP', 'K010300981401', 'SMKTHBISA2122'),
(1402, 'IQBAL SURYADI', '113182', 'BDP', 'K010300981402', 'SMKTHBISA2122'),
(1403, 'IQBAL FADILLAH', '113182', 'BDP', 'K010300981403', 'SMKTHBISA2122'),
(1404, 'KHOLIFATUL RIZKIANA', '113182', 'BDP', 'K010300981404', 'SMKTHBISA2122'),
(1405, 'LEDIA HANIFAH', '113182', 'BDP', 'K010300981405', 'SMKTHBISA2122'),
(1406, 'LULU NURFAOLA', '113182', 'BDP', 'K010300981406', 'SMKTHBISA2122'),
(1407, 'MARSELA .', '113182', 'BDP', 'K010300981407', 'SMKTHBISA2122'),
(1408, 'MOCHAMAD NUR ZAINI', '113182', 'BDP', 'K010300981408', 'SMKTHBISA2122'),
(1409, 'MUHAMAD AMAR KHADAVI', '113182', 'BDP', 'K010300981409', 'SMKTHBISA2122'),
(1410, 'MUHAMMAD FAHRI HERIYANTO', '113182', 'BDP', 'K010300981410', 'SMKTHBISA2122'),
(1411, 'MUHAMMAD DIAS JUNIAWAN', '113182', 'BDP', 'K010300981411', 'SMKTHBISA2122'),
(1412, 'MUHAMMAD ARYA APRIYANTO', '113182', 'BDP', 'K010300981412', 'SMKTHBISA2122'),
(1413, 'NAJWAH NUR ASYIYAH', '113182', 'BDP', 'K010300981413', 'SMKTHBISA2122'),
(1414, 'NINIS ANNISYA', '113182', 'BDP', 'K010300981414', 'SMKTHBISA2122'),
(1415, 'PATRIALIS BAYU SAPUTRA', '113182', 'BDP', 'K010300981415', 'SMKTHBISA2122'),
(1416, 'RAMADHANTI .', '113182', 'BDP', 'K010300981416', 'SMKTHBISA2122'),
(1417, 'REIZHART AFRINO MUSLIM', '113182', 'BDP', 'K010300981417', 'SMKTHBISA2122'),
(1418, 'RENA ANGELITA', '113182', 'BDP', 'K010300981418', 'SMKTHBISA2122'),
(1419, 'REVIN KHUSNADA SAKTI', '113182', 'BDP', 'K010300981419', 'SMKTHBISA2122'),
(1420, 'RIDHO FATARDHO HAMZAH', '113182', 'BDP', 'K010300981420', 'SMKTHBISA2122'),
(1421, 'RIZKY BUDIANTO', '113182', 'BDP', 'K010300981421', 'SMKTHBISA2122'),
(1422, 'SAMSUDIN RADITYA', '113182', 'BDP', 'K010300981422', 'SMKTHBISA2122'),
(1423, 'SEPTIAN BUDI RIYANTO', '113182', 'BDP', 'K010300981423', 'SMKTHBISA2122'),
(1424, 'SILFIANA SARI', '113182', 'BDP', 'K010300981424', 'SMKTHBISA2122'),
(1425, 'SITI NUR FADILAH', '113182', 'BDP', 'K010300981425', 'SMKTHBISA2122'),
(1426, 'SITI NUR HANIFA', '113182', 'BDP', 'K010300981426', 'SMKTHBISA2122'),
(1427, 'SYAHRUL AL FATAH', '113182', 'BDP', 'K010300981427', 'SMKTHBISA2122'),
(1428, 'WINDYANA HANDAYANI', '113182', 'BDP', 'K010300981428', 'SMKTHBISA2122'),
(1429, 'ZAHRA FITRIA SETIAWAN', '113182', 'BDP', 'K010300981429', 'SMKTHBISA2122'),
(1430, 'ZAZA NUR ANGGRAINI', '113182', 'OTKP', 'K010300981430', 'SMKTHBISA2122'),
(1431, 'ALIFA YULISA RAMADHILA', '114382', 'OTKP', 'K010300981431', 'SMKTHBISA2122'),
(1432, 'ALYA SAFITRI', '114382', 'OTKP', 'K010300981432', 'SMKTHBISA2122'),
(1433, 'AMANDA EKA MAULANA', '114382', 'OTKP', 'K010300981433', 'SMKTHBISA2122'),
(1434, 'AMELIA ANANTA PRATIWI', '114382', 'OTKP', 'K010300981434', 'SMKTHBISA2122'),
(1435, 'AMELIA ISMAWATI', '114382', 'OTKP', 'K010300981435', 'SMKTHBISA2122'),
(1436, 'AMELIA FERNANDA TANURAHARDJA', '114382', 'OTKP', 'K010300981436', 'SMKTHBISA2122'),
(1437, 'ANITA MARISKA', '114382', 'OTKP', 'K010300981437', 'SMKTHBISA2122'),
(1438, 'APSARINA LAZANA', '114382', 'OTKP', 'K010300981438', 'SMKTHBISA2122'),
(1439, 'ARIELLA ANDINI', '114382', 'OTKP', 'K010300981439', 'SMKTHBISA2122'),
(1440, 'AYARIKHA ASIYAH INDARDI', '114382', 'OTKP', 'K010300981440', 'SMKTHBISA2122'),
(1441, 'AYU RAHMA AULIA', '114382', 'OTKP', 'K010300981441', 'SMKTHBISA2122'),
(1442, 'AYU SEKAR WANGI', '114382', 'OTKP', 'K010300981442', 'SMKTHBISA2122'),
(1443, 'CALYSTA MAHARANI', '114382', 'OTKP', 'K010300981443', 'SMKTHBISA2122'),
(1444, 'CINDY AULIA PUTRI', '114382', 'OTKP', 'K010300981444', 'SMKTHBISA2122'),
(1445, 'DEA MUTIARA', '114382', 'OTKP', 'K010300981445', 'SMKTHBISA2122'),
(1446, 'DEA ANANDA', '114382', 'OTKP', 'K010300981446', 'SMKTHBISA2122'),
(1447, 'DELIA PINKAN RAHMAWATI', '114382', 'OTKP', 'K010300981447', 'SMKTHBISA2122'),
(1448, 'DEVA OKTAVIANA', '114382', 'OTKP', 'K010300981448', 'SMKTHBISA2122'),
(1449, 'ELMA NOVIA SAFITRI', '114382', 'OTKP', 'K010300981449', 'SMKTHBISA2122'),
(1450, 'FIRA RESTU HERDIANTI', '114382', 'OTKP', 'K010300981450', 'SMKTHBISA2122'),
(1451, 'FITRIANI WARA', '114382', 'OTKP', 'K010300981451', 'SMKTHBISA2122'),
(1452, 'JISCAVIA MAERANY', '114382', 'OTKP', 'K010300981452', 'SMKTHBISA2122'),
(1453, 'JULIANA DWI PRATIWI', '114382', 'OTKP', 'K010300981453', 'SMKTHBISA2122'),
(1454, 'JUWITA DE FRETES', '114382', 'OTKP', 'K010300981454', 'SMKTHBISA2122'),
(1455, 'KHUSNUL MEY YANA PUTRI', '114382', 'OTKP', 'K010300981455', 'SMKTHBISA2122'),
(1456, 'KRISTINA LUSIANA', '114382', 'OTKP', 'K010300981456', 'SMKTHBISA2122'),
(1457, 'LULU ULINUHA', '114382', 'OTKP', 'K010300981457', 'SMKTHBISA2122'),
(1458, 'MARIA OKTA STYA LINDA', '114382', 'OTKP', 'K010300981458', 'SMKTHBISA2122'),
(1459, 'NISRINA FITRIA WIDHAH', '114382', 'OTKP', 'K010300981459', 'SMKTHBISA2122'),
(1460, 'RAHMAWATI RAHMAWATI', '114382', 'OTKP', 'K010300981460', 'SMKTHBISA2122'),
(1461, 'SABRINA AMALIA DEVINAYA', '114382', 'OTKP', 'K010300981461', 'SMKTHBISA2122'),
(1462, 'SALFA RANI PUTRI', '114382', 'OTKP', 'K010300981462', 'SMKTHBISA2122'),
(1463, 'SARI RAHMAWATI', '114382', 'OTKP', 'K010300981463', 'SMKTHBISA2122'),
(1464, 'SELVIYANTI MUHSIN', '114382', 'OTKP', 'K010300981464', 'SMKTHBISA2122'),
(1465, 'SITI LESTARI', '114382', 'OTKP', 'K010300981465', 'SMKTHBISA2122'),
(1466, 'SITI HAFSYOH TRININGTYAS', '114382', 'OTKP', 'K010300981466', 'SMKTHBISA2122'),
(1467, 'SITI FEBRIANTI', '114382', 'OTKP', 'K010300981467', 'SMKTHBISA2122'),
(1468, 'SUCI SALVA AULIA', '114382', 'OTKP', 'K010300981468', 'SMKTHBISA2122'),
(1469, 'SUCI WULAN DINI', '114382', 'OTKP', 'K010300981469', 'SMKTHBISA2122'),
(1470, 'TIARA RISMAYANTI', '114382', 'OTKP', 'K010300981470', 'SMKTHBISA2122'),
(1471, 'WIWID DWI RAHMAWATI', '114382', 'OTKP', 'K010300981471', 'SMKTHBISA2122'),
(1472, 'YOSI GISELA NINGRUM', '114382', 'OTKP', 'K010300981472', 'SMKTHBISA2122'),
(1473, 'YUNI OKTAPIYANA', '114382', 'OTKP', 'K010300981473', 'SMKTHBISA2122'),
(1474, 'ZAHWA NABILA NATASYAWATI', '114382', 'OTKP', 'K010300981474', 'SMKTHBISA2122'),
(1475, 'ANANDA PUTRI RAMADHANI', '115353', 'OTKP', 'K010300981475', 'SMKTHBISA2122'),
(1476, 'ANNISA NUR HIDAYAH', '115353', 'OTKP', 'K010300981476', 'SMKTHBISA2122'),
(1477, 'APRILLIA IRATUR', '115353', 'OTKP', 'K010300981477', 'SMKTHBISA2122'),
(1478, 'AULIA RAHMA', '115353', 'OTKP', 'K010300981478', 'SMKTHBISA2122'),
(1479, 'CITRA AULIA SARI', '115353', 'OTKP', 'K010300981479', 'SMKTHBISA2122'),
(1480, 'CLARA BENITA RAVELIA', '115353', 'OTKP', 'K010300981480', 'SMKTHBISA2122'),
(1481, 'DESNITA PUTRI CANIAGO', '115353', 'OTKP', 'K010300981481', 'SMKTHBISA2122'),
(1482, 'DIANA ROSANA', '115353', 'OTKP', 'K010300981482', 'SMKTHBISA2122'),
(1483, 'DWI ANNJANY', '115353', 'OTKP', 'K010300981483', 'SMKTHBISA2122'),
(1484, 'ELVIRA LUCIANA', '115353', 'OTKP', 'K010300981484', 'SMKTHBISA2122'),
(1485, 'FIFI RESTU HERDIANTI', '115353', 'OTKP', 'K010300981485', 'SMKTHBISA2122'),
(1486, 'FIRA SAHIRA', '115353', 'OTKP', 'K010300981486', 'SMKTHBISA2122'),
(1487, 'HEREN ASHARIANTI', '115353', 'OTKP', 'K010300981487', 'SMKTHBISA2122'),
(1488, 'HERTI AKILA MARWA', '115353', 'OTKP', 'K010300981488', 'SMKTHBISA2122'),
(1489, 'INDAH YULITA AZIZ', '115353', 'OTKP', 'K010300981489', 'SMKTHBISA2122'),
(1490, 'INTAN NUR MAICHA', '115353', 'OTKP', 'K010300981490', 'SMKTHBISA2122'),
(1491, 'IRNA AMELIA SAFITRI', '115353', 'OTKP', 'K010300981491', 'SMKTHBISA2122'),
(1492, 'KURNIA YULIANA SAPUTRI', '115353', 'OTKP', 'K010300981492', 'SMKTHBISA2122'),
(1493, 'LINDA SAFITRI', '115353', 'OTKP', 'K010300981493', 'SMKTHBISA2122'),
(1494, 'NADYA KHADIJA TEWU', '115353', 'OTKP', 'K010300981494', 'SMKTHBISA2122'),
(1495, 'NAJWA ADELLIA RAMADHANI', '115353', 'OTKP', 'K010300981495', 'SMKTHBISA2122'),
(1496, 'NANDITA NANDITA', '115353', 'OTKP', 'K010300981496', 'SMKTHBISA2122'),
(1497, 'NAYLA TASYA', '115353', 'OTKP', 'K010300981497', 'SMKTHBISA2122'),
(1498, 'NAYLA KHAIRUNNISA', '115353', 'OTKP', 'K010300981498', 'SMKTHBISA2122'),
(1499, 'NAZWA HANIFAH', '115353', 'OTKP', 'K010300981499', 'SMKTHBISA2122'),
(1500, 'NOVA SAFITRI', '115353', 'OTKP', 'K010300981500', 'SMKTHBISA2122'),
(1501, 'OVRIS RIYANI', '115353', 'OTKP', 'K010300981501', 'SMKTHBISA2122'),
(1502, 'PIPIT NURLAELI ALPITRI', '115353', 'OTKP', 'K010300981502', 'SMKTHBISA2122'),
(1503, 'RIDHA AMALIAH', '115353', 'OTKP', 'K010300981503', 'SMKTHBISA2122'),
(1504, 'RIZKA NOVIYANTI', '115353', 'OTKP', 'K010300981504', 'SMKTHBISA2122'),
(1505, 'SANTI MURJANI', '115353', 'OTKP', 'K010300981505', 'SMKTHBISA2122'),
(1506, 'SEPTIANA RAHAYU', '115353', 'OTKP', 'K010300981506', 'SMKTHBISA2122'),
(1507, 'SEVILA SEVILA', '115353', 'OTKP', 'K010300981507', 'SMKTHBISA2122'),
(1508, 'SITI MAISAROH', '115353', 'OTKP', 'K010300981508', 'SMKTHBISA2122'),
(1509, 'SITI NUR HABIBAH', '115353', 'OTKP', 'K010300981509', 'SMKTHBISA2122'),
(1510, 'SYADIAH NUR LATIFAH', '115353', 'OTKP', 'K010300981510', 'SMKTHBISA2122'),
(1511, 'TASYA AMELIA', '115353', 'OTKP', 'K010300981511', 'SMKTHBISA2122'),
(1512, 'THIFAL AZIZAH HARTANTI', '115353', 'OTKP', 'K010300981512', 'SMKTHBISA2122'),
(1513, 'TIAYU TIAYU', '115353', 'OTKP', 'K010300981513', 'SMKTHBISA2122'),
(1514, 'ULPAH LEPIYANI', '115353', 'OTKP', 'K010300981514', 'SMKTHBISA2122'),
(1515, 'VENDA FERNANDA', '115353', 'OTKP', 'K010300981515', 'SMKTHBISA2122'),
(1516, 'WILDATUL FADILLAH', '115353', 'OTKP', 'K010300981516', 'SMKTHBISA2122'),
(1517, 'WULAN SRI RAHAYU', '115353', 'OTKP', 'K010300981517', 'SMKTHBISA2122'),
(1518, 'YENI RAHMAYANTI', '115353', 'OTKP', 'K010300981518', 'SMKTHBISA2122'),
(1519, 'ADAM WAHYYUDI', '116953', 'TKJ', 'K010300981519', 'SMKTHBISA2122'),
(1520, 'AHMAD DANI', '116953', 'TKJ', 'K010300981520', 'SMKTHBISA2122'),
(1521, 'ANGGA PRASETYA PUTRA', '116953', 'TKJ', 'K010300981521', 'SMKTHBISA2122'),
(1522, 'ANGGA YOGA PRATAMA', '116953', 'TKJ', 'K010300981522', 'SMKTHBISA2122'),
(1523, 'ANGGI ALVIYANTO', '116953', 'TKJ', 'K010300981523', 'SMKTHBISA2122'),
(1524, 'ARDI PRASETIO', '116953', 'TKJ', 'K010300981524', 'SMKTHBISA2122'),
(1525, 'ARI ARDIANSYAH', '116953', 'TKJ', 'K010300981525', 'SMKTHBISA2122'),
(1526, 'ARIFIN Arifin', '116953', 'TKJ', 'K010300981526', 'SMKTHBISA2122'),
(1527, 'ARIS BASTYAR', '116953', 'TKJ', 'K010300981527', 'SMKTHBISA2122'),
(1528, 'ARYA ZULFIKAR', '116953', 'TKJ', 'K010300981528', 'SMKTHBISA2122'),
(1529, 'BAYU FIRMANSYAH', '116953', 'TKJ', 'K010300981529', 'SMKTHBISA2122'),
(1530, 'BAYU SETIAWAN', '116953', 'TKJ', 'K010300981530', 'SMKTHBISA2122'),
(1531, 'CAHYA AJI SAPUTRA', '116953', 'TKJ', 'K010300981531', 'SMKTHBISA2122'),
(1532, 'CORY INTAN AGUSTIN', '116953', 'TKJ', 'K010300981532', 'SMKTHBISA2122'),
(1533, 'DZAKY RAMADHANI', '116953', 'TKJ', 'K010300981533', 'SMKTHBISA2122'),
(1534, 'ERIK JAJANG KURNIAWAN', '116953', 'TKJ', 'K010300981534', 'SMKTHBISA2122'),
(1535, 'FAKHRUL DHAFI', '116953', 'TKJ', 'K010300981535', 'SMKTHBISA2122'),
(1536, 'FERDIAN AHMAD RUDIANTO', '116953', 'TKJ', 'K010300981536', 'SMKTHBISA2122'),
(1537, 'Ferdian Wijaya', '116953', 'TKJ', 'K010300981537', 'SMKTHBISA2122'),
(1538, 'HARIS Haris', '116953', 'TKJ', 'K010300981538', 'SMKTHBISA2122'),
(1539, 'HERIXS HIDAYAT', '116953', 'TKJ', 'K010300981539', 'SMKTHBISA2122'),
(1540, 'IMMANUEL TAMANDO MASO', '116953', 'TKJ', 'K010300981540', 'SMKTHBISA2122'),
(1541, 'JUSTIN VALENTINO WAROUW', '116953', 'TKJ', 'K010300981541', 'SMKTHBISA2122'),
(1542, 'KELVIN AMANDO ERAWAN', '116953', 'TKJ', 'K010300981542', 'SMKTHBISA2122'),
(1543, 'MIMIN WINATA', '116953', 'TKJ', 'K010300981543', 'SMKTHBISA2122'),
(1544, 'MUHAMAD REZA ANDRIAN', '116953', 'TKJ', 'K010300981544', 'SMKTHBISA2122'),
(1545, 'MUHAMMAD CAVAN HIZAM', '116953', 'TKJ', 'K010300981545', 'SMKTHBISA2122'),
(1546, 'MUHAMMAD HASNUL ARIFIN', '116953', 'TKJ', 'K010300981546', 'SMKTHBISA2122'),
(1547, 'MUHAMMAD SIROJUDDIN GHOZALI', '116953', 'TKJ', 'K010300981547', 'SMKTHBISA2122'),
(1548, 'MUHAMMAD KHOIRUL YANI', '116953', 'TKJ', 'K010300981548', 'SMKTHBISA2122'),
(1549, 'MUHAMMAD GUSTI RAZAN', '116953', 'TKJ', 'K010300981549', 'SMKTHBISA2122'),
(1550, 'NASHRULLOH FIRDAUS', '116953', 'TKJ', 'K010300981550', 'SMKTHBISA2122'),
(1551, 'NICHOLLA MULQI BARBAROSSA', '116953', 'TKJ', 'K010300981551', 'SMKTHBISA2122'),
(1552, 'QALAM RAYDATHUL SABANI', '116953', 'TKJ', 'K010300981552', 'SMKTHBISA2122'),
(1553, 'RAYNOR SANJIA ANDHIKAFATA', '116953', 'TKJ', 'K010300981553', 'SMKTHBISA2122'),
(1554, 'RIZAL MAULANA', '116953', 'TKJ', 'K010300981554', 'SMKTHBISA2122'),
(1555, 'SHEVA SEPTANIO', '116953', 'TKJ', 'K010300981555', 'SMKTHBISA2122'),
(1556, 'SOPIAN Sopian', '116953', 'TKJ', 'K010300981556', 'SMKTHBISA2122'),
(1557, 'SUGENG DWI WALUYO', '116953', 'TKJ', 'K010300981557', 'SMKTHBISA2122'),
(1558, 'SYAHRUL HANAVI', '116953', 'TKJ', 'K010300981558', 'SMKTHBISA2122'),
(1559, 'WILLYANSYAH Willyansyah', '116953', 'TKJ', 'K010300981559', 'SMKTHBISA2122'),
(1560, 'YOHANES SETIAWAN', '116953', 'TKJ', 'K010300981560', 'SMKTHBISA2122'),
(1561, 'YUDHA SEPTIYAN', '116953', 'TKJ', 'K010300981561', 'SMKTHBISA2122'),
(1562, 'ZODI PRASETYO', '116953', 'TKJ', 'K010300981562', 'SMKTHBISA2122'),
(1563, 'ABDUL RAHMAN', '117204', 'TKJ', 'K010300981563', 'SMKTHBISA2122'),
(1564, 'AFIF PRASETYO', '117204', 'TKJ', 'K010300981564', 'SMKTHBISA2122'),
(1565, 'AGUNG MAULANA FEBRIANTO', '117204', 'TKJ', 'K010300981565', 'SMKTHBISA2122'),
(1566, 'ARIF Arif', '117204', 'TKJ', 'K010300981566', 'SMKTHBISA2122'),
(1567, 'CANDRA AGUS NUGROHO', '117204', 'TKJ', 'K010300981567', 'SMKTHBISA2122'),
(1568, 'CARLOS LEONARDO', '117204', 'TKJ', 'K010300981568', 'SMKTHBISA2122'),
(1569, 'DENDI ZAKARIA', '117204', 'TKJ', 'K010300981569', 'SMKTHBISA2122'),
(1570, 'DENDY CAHYOKO', '117204', 'TKJ', 'K010300981570', 'SMKTHBISA2122'),
(1571, 'DICKY FADILAH', '117204', 'TKJ', 'K010300981571', 'SMKTHBISA2122'),
(1572, 'DIMAS ADI SAPUTRA', '117204', 'TKJ', 'K010300981572', 'SMKTHBISA2122'),
(1573, 'DUWI AMAL MAULIDA AKSAN', '117204', 'TKJ', 'K010300981573', 'SMKTHBISA2122'),
(1574, 'EKA MEIRISQIANA', '117204', 'TKJ', 'K010300981574', 'SMKTHBISA2122'),
(1575, 'ERWIN OKTAVIANTO', '117204', 'TKJ', 'K010300981575', 'SMKTHBISA2122'),
(1576, 'FACHRUL RAMADHAN', '117204', 'TKJ', 'K010300981576', 'SMKTHBISA2122'),
(1577, 'FAUZI ABDUL AZIZ', '117204', 'TKJ', 'K010300981577', 'SMKTHBISA2122'),
(1578, 'GALIH ADIVA PRATAMA PUTRA', '117204', 'TKJ', 'K010300981578', 'SMKTHBISA2122'),
(1579, 'HAERUL ANGGA', '117204', 'TKJ', 'K010300981579', 'SMKTHBISA2122'),
(1580, 'HARRY RIFALDY', '117204', 'TKJ', 'K010300981580', 'SMKTHBISA2122'),
(1581, 'M.RAGIL ADITYA PUTA', '117204', 'TKJ', 'K010300981581', 'SMKTHBISA2122'),
(1582, 'M.VINCEN RAMADHAN', '117204', 'TKJ', 'K010300981582', 'SMKTHBISA2122'),
(1583, 'MOHAMMAD HADI WIJAYA', '117204', 'TKJ', 'K010300981583', 'SMKTHBISA2122'),
(1584, 'MUHAMMAD AFRIZAL', '117204', 'TKJ', 'K010300981584', 'SMKTHBISA2122'),
(1585, 'MUHAMMAD DARMA ILLAHI', '117204', 'TKJ', 'K010300981585', 'SMKTHBISA2122'),
(1586, 'MUHAMMAD RAFANDI', '117204', 'TKJ', 'K010300981586', 'SMKTHBISA2122'),
(1587, 'MUHAMMAD FARHAN', '117204', 'TKJ', 'K010300981587', 'SMKTHBISA2122'),
(1588, 'MUHAMMAD PIRMANSYAH PUTRA RAGIL', '117204', 'TKJ', 'K010300981588', 'SMKTHBISA2122'),
(1589, 'MUHAMMAD RIDWAN', '117204', 'TKJ', 'K010300981589', 'SMKTHBISA2122'),
(1590, 'NAJIB DZANNUR', '117204', 'TKJ', 'K010300981590', 'SMKTHBISA2122'),
(1591, 'PERDANA ANDRE SETIAWAN', '117204', 'TKJ', 'K010300981591', 'SMKTHBISA2122'),
(1592, 'PUTRA SURYA PRATAMA', '117204', 'TKJ', 'K010300981592', 'SMKTHBISA2122'),
(1593, 'RACHMAN GANIE', '117204', 'TKJ', 'K010300981593', 'SMKTHBISA2122'),
(1594, 'RAIHAN MUHAMMAD AKBAR', '117204', 'TKJ', 'K010300981594', 'SMKTHBISA2122'),
(1595, 'REHANDIKA BAYU MAARIF', '117204', 'TKJ', 'K010300981595', 'SMKTHBISA2122'),
(1596, 'RENO PRIANDANA', '117204', 'TKJ', 'K010300981596', 'SMKTHBISA2122'),
(1597, 'REVAN OKTAGIAS RAMADHAN', '117204', 'TKJ', 'K010300981597', 'SMKTHBISA2122'),
(1598, 'RIAN MAULANA', '117204', 'TKJ', 'K010300981598', 'SMKTHBISA2122'),
(1599, 'ROSITA ARYANINGSIH', '117204', 'TKJ', 'K010300981599', 'SMKTHBISA2122'),
(1600, 'SAEFUL ALI', '117204', 'TKJ', 'K010300981600', 'SMKTHBISA2122'),
(1601, 'SAHRUL ALAM', '117204', 'TKJ', 'K010300981601', 'SMKTHBISA2122'),
(1602, 'SATRIA WAHYU RAMADHAN', '117204', 'TKJ', 'K010300981602', 'SMKTHBISA2122'),
(1603, 'SUTINAH Sutinah', '117204', 'TKJ', 'K010300981603', 'SMKTHBISA2122'),
(1604, 'SYAHRIEZA BAGUS WIDIANTO', '117204', 'TKJ', 'K010300981604', 'SMKTHBISA2122'),
(1605, 'TEGAR CAHYA PUTRA', '117204', 'TKJ', 'K010300981605', 'SMKTHBISA2122'),
(1606, 'ULUMUDIN ADJI PAMUNGKAS', '117204', 'TKJ', 'K010300981606', 'SMKTHBISA2122'),
(1607, 'ADIS MAULANA', '118862', 'TKJ', 'K010300981607', 'SMKTHBISA2122'),
(1608, 'ADITTYA DWI SAPUTRA', '118862', 'TKJ', 'K010300981608', 'SMKTHBISA2122'),
(1609, 'AGUNG PRASETYO NUGROHO', '118862', 'TKJ', 'K010300981609', 'SMKTHBISA2122'),
(1610, 'AGUS KHOLIFUDIN', '118862', 'TKJ', 'K010300981610', 'SMKTHBISA2122'),
(1611, 'AHMAD RIFAI', '118862', 'TKJ', 'K010300981611', 'SMKTHBISA2122'),
(1612, 'AJI PRASETYO', '118862', 'TKJ', 'K010300981612', 'SMKTHBISA2122'),
(1613, 'ALTHAF NUR ASEGAF', '118862', 'TKJ', 'K010300981613', 'SMKTHBISA2122'),
(1614, 'ANANG RAMADHAN', '118862', 'TKJ', 'K010300981614', 'SMKTHBISA2122'),
(1615, 'ANDI FIRMANSYAH', '118862', 'TKJ', 'K010300981615', 'SMKTHBISA2122'),
(1616, 'DEWI RIZKI NILUWARDANI', '118862', 'TKJ', 'K010300981616', 'SMKTHBISA2122'),
(1617, 'DIMAS BUDI RIYANTO', '118862', 'TKJ', 'K010300981617', 'SMKTHBISA2122'),
(1618, 'DION MOHAMAD BARUNA', '118862', 'TKJ', 'K010300981618', 'SMKTHBISA2122'),
(1619, 'DZAKY ZAHRAN', '118862', 'TKJ', 'K010300981619', 'SMKTHBISA2122'),
(1620, 'EGA PRATAMA', '118862', 'TKJ', 'K010300981620', 'SMKTHBISA2122'),
(1621, 'EKY FERDIANSYAH', '118862', 'TKJ', 'K010300981621', 'SMKTHBISA2122'),
(1622, 'ERI PUTRA PRATAMA', '118862', 'TKJ', 'K010300981622', 'SMKTHBISA2122'),
(1623, 'FAJAR DWI HARTADI', '118862', 'TKJ', 'K010300981623', 'SMKTHBISA2122'),
(1624, 'FEBI DWI SULISTIADI', '118862', 'TKJ', 'K010300981624', 'SMKTHBISA2122'),
(1625, 'GIANLUIGI FADHIL MUSTAQIM', '118862', 'TKJ', 'K010300981625', 'SMKTHBISA2122'),
(1626, 'GILANG DIAN SAPUTRA', '118862', 'TKJ', 'K010300981626', 'SMKTHBISA2122'),
(1627, 'GIN GIN', '118862', 'TKJ', 'K010300981627', 'SMKTHBISA2122'),
(1628, 'HAQI MAULANA', '118862', 'TKJ', 'K010300981628', 'SMKTHBISA2122'),
(1629, 'HASRIN ABDUL AJI', '118862', 'TKJ', 'K010300981629', 'SMKTHBISA2122'),
(1630, 'I MADE ANTONI', '118862', 'TKJ', 'K010300981630', 'SMKTHBISA2122'),
(1631, 'IAN SAPUTRA', '118862', 'TKJ', 'K010300981631', 'SMKTHBISA2122'),
(1632, 'JANUAR BAGUS WIBOWO', '118862', 'TKJ', 'K010300981632', 'SMKTHBISA2122'),
(1633, 'KUKUH ANGGER MAHARGYO', '118862', 'TKJ', 'K010300981633', 'SMKTHBISA2122'),
(1634, 'LAKSAMANA PUTRA', '118862', 'TKJ', 'K010300981634', 'SMKTHBISA2122'),
(1635, 'M.SABLIK MBIPI', '118862', 'TKJ', 'K010300981635', 'SMKTHBISA2122'),
(1636, 'MOHAMAD HARYONO', '118862', 'TKJ', 'K010300981636', 'SMKTHBISA2122'),
(1637, 'MUH.ALDI NIRWANSYAH', '118862', 'TKJ', 'K010300981637', 'SMKTHBISA2122'),
(1638, 'MUHAMAD ALBAR ALAMSYAH', '118862', 'TKJ', 'K010300981638', 'SMKTHBISA2122');
INSERT INTO `siswa` (`id`, `nama_siswa`, `kelas`, `jurusan`, `username`, `password`) VALUES
(1639, 'MUHAMAD RYAN HARDIANSYAH', '118862', 'TKJ', 'K010300981639', 'SMKTHBISA2122'),
(1640, 'MUHAMMAD TIO', '118862', 'TKJ', 'K010300981640', 'SMKTHBISA2122'),
(1641, 'MUHAMMAD RAFLI', '118862', 'TKJ', 'K010300981641', 'SMKTHBISA2122'),
(1642, 'NENDI Nendi', '118862', 'TKJ', 'K010300981642', 'SMKTHBISA2122'),
(1643, 'NOVAL TRI HARYANTO', '118862', 'TKJ', 'K010300981643', 'SMKTHBISA2122'),
(1644, 'RAFAEL MULIA ALFAHDI', '118862', 'TKJ', 'K010300981644', 'SMKTHBISA2122'),
(1645, 'RAGIL PANGESTU', '118862', 'TKJ', 'K010300981645', 'SMKTHBISA2122'),
(1646, 'RENDI SAPUTRA', '118862', 'TKJ', 'K010300981646', 'SMKTHBISA2122'),
(1647, 'RENI NURAENI', '118862', 'TKJ', 'K010300981647', 'SMKTHBISA2122'),
(1648, 'TEGAR Tegar', '118862', 'TKJ', 'K010300981648', 'SMKTHBISA2122'),
(1649, 'TRI PUTRA AFRIANSYAH', '118862', 'TKJ', 'K010300981649', 'SMKTHBISA2122'),
(1650, 'WIDDIYA BAGUS ENDANG WINARYO', '118862', 'TKJ', 'K010300981650', 'SMKTHBISA2122'),
(1651, 'ABDUL WAHID', '119717', 'AKL', 'K010300981651', 'SMKTHBISA2122'),
(1652, 'ACHMAD IRFAN SHOLAHUDDIN', '119717', 'AKL', 'K010300981652', 'SMKTHBISA2122'),
(1653, 'Agus Arbain Mahmud', '119717', 'AKL', 'K010300981653', 'SMKTHBISA2122'),
(1654, 'ANGEL .', '119717', 'AKL', 'K010300981654', 'SMKTHBISA2122'),
(1655, 'ANTIKA SARI', '119717', 'AKL', 'K010300981655', 'SMKTHBISA2122'),
(1656, 'DEVI YULIANTI', '119717', 'AKL', 'K010300981656', 'SMKTHBISA2122'),
(1657, 'DEWI WULAN SARI', '119717', 'AKL', 'K010300981657', 'SMKTHBISA2122'),
(1658, 'DEWI NOPITA SARI', '119717', 'AKL', 'K010300981658', 'SMKTHBISA2122'),
(1659, 'Diana Pungky', '119717', 'AKL', 'K010300981659', 'SMKTHBISA2122'),
(1660, 'Diaz Adrian Praja', '119717', 'AKL', 'K010300981660', 'SMKTHBISA2122'),
(1661, 'FITRI RAMADANI', '119717', 'AKL', 'K010300981661', 'SMKTHBISA2122'),
(1662, 'INDRA .', '119717', 'AKL', 'K010300981662', 'SMKTHBISA2122'),
(1663, 'JELITA HANDIANI', '119717', 'AKL', 'K010300981663', 'SMKTHBISA2122'),
(1664, 'Khairunisa Apriandini', '119717', 'AKL', 'K010300981664', 'SMKTHBISA2122'),
(1665, 'LAILA AFRIYANTI', '119717', 'AKL', 'K010300981665', 'SMKTHBISA2122'),
(1666, 'LAURA WANDA PUTRI', '119717', 'AKL', 'K010300981666', 'SMKTHBISA2122'),
(1667, 'LISNAWATI .', '119717', 'AKL', 'K010300981667', 'SMKTHBISA2122'),
(1668, 'Marni .', '119717', 'AKL', 'K010300981668', 'SMKTHBISA2122'),
(1669, 'MICO RAMDANI SYAHRULTIAS', '119717', 'AKL', 'K010300981669', 'SMKTHBISA2122'),
(1670, 'MUHAMMAD RAFI', '119717', 'AKL', 'K010300981670', 'SMKTHBISA2122'),
(1671, 'MUHAMMAD ARIF', '119717', 'AKL', 'K010300981671', 'SMKTHBISA2122'),
(1672, 'MUHAMMAD RIZKY', '119717', 'AKL', 'K010300981672', 'SMKTHBISA2122'),
(1673, 'MUHHAMAD SATRIO', '119717', 'AKL', 'K010300981673', 'SMKTHBISA2122'),
(1674, 'NG EK HOT', '119717', 'AKL', 'K010300981674', 'SMKTHBISA2122'),
(1675, 'OKTAVIA NENGSIH', '119717', 'AKL', 'K010300981675', 'SMKTHBISA2122'),
(1676, 'PEGGY FITRIANI NURDIN', '119717', 'AKL', 'K010300981676', 'SMKTHBISA2122'),
(1677, 'PUTRI FEBRIANI', '119717', 'AKL', 'K010300981677', 'SMKTHBISA2122'),
(1678, 'PUTRI MAISAROH', '119717', 'AKL', 'K010300981678', 'SMKTHBISA2122'),
(1679, 'PUTRI MIRANTI', '119717', 'AKL', 'K010300981679', 'SMKTHBISA2122'),
(1680, 'RICKO ADI SAPUTRA', '119717', 'AKL', 'K010300981680', 'SMKTHBISA2122'),
(1681, 'RIKA TRI UTAMI', '119717', 'AKL', 'K010300981681', 'SMKTHBISA2122'),
(1682, 'SELVYA ARYANTI', '119717', 'AKL', 'K010300981682', 'SMKTHBISA2122'),
(1683, 'SHINTYA AULIA PUTRI', '119717', 'AKL', 'K010300981683', 'SMKTHBISA2122'),
(1684, 'SITI NURIKA RAHIM', '119717', 'AKL', 'K010300981684', 'SMKTHBISA2122'),
(1685, 'SITI SA\'DIYAH', '119717', 'AKL', 'K010300981685', 'SMKTHBISA2122'),
(1686, 'SITI NAZWATUN NISA', '119717', 'AKL', 'K010300981686', 'SMKTHBISA2122'),
(1687, 'TRIYANA MUKTI', '119717', 'AKL', 'K010300981687', 'SMKTHBISA2122'),
(1688, 'VENUS SINTYA RAHAYU', '119717', 'AKL', 'K010300981688', 'SMKTHBISA2122'),
(1689, 'WIDYA MAHARANI WISNU', '119717', 'AKL', 'K010300981689', 'SMKTHBISA2122'),
(1690, 'YUSUF KURNIA', '119717', 'AKL', 'K010300981690', 'SMKTHBISA2122'),
(1691, 'AKBAR KUSUMA WIJAYA', '120675', 'AKL', 'K010300981691', 'SMKTHBISA2122'),
(1692, 'CHANDRA PUTRA DARMAWAN', '120675', 'AKL', 'K010300981692', 'SMKTHBISA2122'),
(1693, 'DELA AMELIA DWI SAPUTRI', '120675', 'AKL', 'K010300981693', 'SMKTHBISA2122'),
(1694, 'Deny Nurzaman', '120675', 'AKL', 'K010300981694', 'SMKTHBISA2122'),
(1695, 'DWI LIA NOVITA', '120675', 'AKL', 'K010300981695', 'SMKTHBISA2122'),
(1696, 'INSANI METASARI', '120675', 'AKL', 'K010300981696', 'SMKTHBISA2122'),
(1697, 'Jihan Nabila Putri', '120675', 'AKL', 'K010300981697', 'SMKTHBISA2122'),
(1698, 'LINDA CHANIAGO', '120675', 'AKL', 'K010300981698', 'SMKTHBISA2122'),
(1699, 'Lina Nofitasari', '120675', 'AKL', 'K010300981699', 'SMKTHBISA2122'),
(1700, 'MAHARANI ANANDA PUTRI FIRDAUS', '120675', 'AKL', 'K010300981700', 'SMKTHBISA2122'),
(1701, 'MARINI NUROHMA', '120675', 'AKL', 'K010300981701', 'SMKTHBISA2122'),
(1702, 'MEGA AFIANI', '120675', 'AKL', 'K010300981702', 'SMKTHBISA2122'),
(1703, 'MELDA MELDA', '120675', 'AKL', 'K010300981703', 'SMKTHBISA2122'),
(1704, 'MELVINA FARADILLA', '120675', 'AKL', 'K010300981704', 'SMKTHBISA2122'),
(1705, 'MUHAMAD HASBI ASHIDIQI', '120675', 'AKL', 'K010300981705', 'SMKTHBISA2122'),
(1706, 'MUHAMMAD BAYU SANJAYA', '120675', 'AKL', 'K010300981706', 'SMKTHBISA2122'),
(1707, 'MUHAMMAD FARHAN DWINANTO', '120675', 'AKL', 'K010300981707', 'SMKTHBISA2122'),
(1708, 'NABILATUN ALFIAH', '120675', 'AKL', 'K010300981708', 'SMKTHBISA2122'),
(1709, 'NELA DESTRIANA DEWI', '120675', 'AKL', 'K010300981709', 'SMKTHBISA2122'),
(1710, 'NINA NURCAHYATI', '120675', 'AKL', 'K010300981710', 'SMKTHBISA2122'),
(1711, 'NUR AHMAD KHAIRI', '120675', 'AKL', 'K010300981711', 'SMKTHBISA2122'),
(1712, 'Nur Rohimah', '120675', 'AKL', 'K010300981712', 'SMKTHBISA2122'),
(1713, 'Rinni Maspupah', '120675', 'AKL', 'K010300981713', 'SMKTHBISA2122'),
(1714, 'RISMA KURNIAWATI', '120675', 'AKL', 'K010300981714', 'SMKTHBISA2122'),
(1715, 'Seviana Eka Saputri', '120675', 'AKL', 'K010300981715', 'SMKTHBISA2122'),
(1716, 'Sifa Nur Fauziah', '120675', 'AKL', 'K010300981716', 'SMKTHBISA2122'),
(1717, 'SILVI ATNADINATA', '120675', 'AKL', 'K010300981717', 'SMKTHBISA2122'),
(1718, 'SILVIA ANGGREANI', '120675', 'AKL', 'K010300981718', 'SMKTHBISA2122'),
(1719, 'SITI HODIJAH', '120675', 'AKL', 'K010300981719', 'SMKTHBISA2122'),
(1720, 'SOFIATUN NUFUS', '120675', 'AKL', 'K010300981720', 'SMKTHBISA2122'),
(1721, 'SUCI NOVITA SARI', '120675', 'AKL', 'K010300981721', 'SMKTHBISA2122'),
(1722, 'Suwanah suwanah', '120675', 'AKL', 'K010300981722', 'SMKTHBISA2122'),
(1723, 'UUN NAFIA', '120675', 'AKL', 'K010300981723', 'SMKTHBISA2122'),
(1724, 'VIVIT NUR INDASARI', '120675', 'AKL', 'K010300981724', 'SMKTHBISA2122'),
(1725, 'WULAN NUR OKTAVIANI', '120675', 'AKL', 'K010300981725', 'SMKTHBISA2122'),
(1726, 'ZERY HERMAWAN', '120675', 'AKL', 'K010300981726', 'SMKTHBISA2122'),
(1727, 'ZILVI BADRI AULIAH', '120675', 'AKL', 'K010300981727', 'SMKTHBISA2122'),
(1728, 'ABDULLAH NURHALIM', '121465', 'AKL', 'K010300981728', 'SMKTHBISA2122'),
(1729, 'ABELIA AGUSTIN', '121465', 'BDP', 'K010300981729', 'SMKTHBISA2122'),
(1730, 'AHMAD DENI', '121465', 'BDP', 'K010300981730', 'SMKTHBISA2122'),
(1731, 'ANANDA BUDI SUSANTO', '121465', 'BDP', 'K010300981731', 'SMKTHBISA2122'),
(1732, 'ARIEL OCTAREZA', '121465', 'BDP', 'K010300981732', 'SMKTHBISA2122'),
(1733, 'ARIN DWI ALIANI', '121465', 'BDP', 'K010300981733', 'SMKTHBISA2122'),
(1734, 'ARYA BAYU NUR IKHSAN', '121465', 'BDP', 'K010300981734', 'SMKTHBISA2122'),
(1735, 'DANDI SAPUTRA', '121465', 'BDP', 'K010300981735', 'SMKTHBISA2122'),
(1736, 'DEVI AVIELE', '121465', 'BDP', 'K010300981736', 'SMKTHBISA2122'),
(1737, 'Devi MELIA UTARI', '121465', 'BDP', 'K010300981737', 'SMKTHBISA2122'),
(1738, 'Eka Indriyaningsih', '121465', 'BDP', 'K010300981738', 'SMKTHBISA2122'),
(1739, 'FITRI NURMAZIYAH', '121465', 'BDP', 'K010300981739', 'SMKTHBISA2122'),
(1740, 'GUFRON AZIS', '121465', 'BDP', 'K010300981740', 'SMKTHBISA2122'),
(1741, 'IWAN SANTOSO', '121465', 'BDP', 'K010300981741', 'SMKTHBISA2122'),
(1742, 'Jessy Apriliani', '121465', 'BDP', 'K010300981742', 'SMKTHBISA2122'),
(1743, 'M. Putra Eerlangga', '121465', 'BDP', 'K010300981743', 'SMKTHBISA2122'),
(1744, 'Marshel Mahendra', '121465', 'BDP', 'K010300981744', 'SMKTHBISA2122'),
(1745, 'Mohammad Ikmal Maulana', '121465', 'BDP', 'K010300981745', 'SMKTHBISA2122'),
(1746, 'MUHAMAD RIZKI', '121465', 'BDP', 'K010300981746', 'SMKTHBISA2122'),
(1747, 'MUHAMMAD EQI SAPUTRA', '121465', 'BDP', 'K010300981747', 'SMKTHBISA2122'),
(1748, 'MUHAMMAD KHAERUL BAHRI', '121465', 'BDP', 'K010300981748', 'SMKTHBISA2122'),
(1749, 'Najwa Nur Kariem', '121465', 'BDP', 'K010300981749', 'SMKTHBISA2122'),
(1750, 'Nilan Iriyanti', '121465', 'BDP', 'K010300981750', 'SMKTHBISA2122'),
(1751, 'Noni Oktaviani', '121465', 'BDP', 'K010300981751', 'SMKTHBISA2122'),
(1752, 'Pratama Zinedine Yazid Zidane', '121465', 'BDP', 'K010300981752', 'SMKTHBISA2122'),
(1753, 'RAIHAN AHMAD ELIA', '121465', 'BDP', 'K010300981753', 'SMKTHBISA2122'),
(1754, 'RAJA DIKA PRAYOGA', '121465', 'BDP', 'K010300981754', 'SMKTHBISA2122'),
(1755, 'RAMSES GOZALI', '121465', 'BDP', 'K010300981755', 'SMKTHBISA2122'),
(1756, 'RANGGA RAYA SAFA\'AT', '121465', 'BDP', 'K010300981756', 'SMKTHBISA2122'),
(1757, 'REZA FIRMANSJAH', '121465', 'BDP', 'K010300981757', 'SMKTHBISA2122'),
(1758, 'RIAN IRAWAN', '121465', 'BDP', 'K010300981758', 'SMKTHBISA2122'),
(1759, 'RISMATU ZAHRA', '121465', 'BDP', 'K010300981759', 'SMKTHBISA2122'),
(1760, 'Ryadh Abi Syafka', '121465', 'BDP', 'K010300981760', 'SMKTHBISA2122'),
(1761, 'SELI MARSELINA', '121465', 'BDP', 'K010300981761', 'SMKTHBISA2122'),
(1762, 'TRIO ANDIKA', '121465', 'BDP', 'K010300981762', 'SMKTHBISA2122'),
(1763, 'Verdi Putra Satria', '121465', 'BDP', 'K010300981763', 'SMKTHBISA2122'),
(1764, 'WULAN CAHYANI', '121465', 'BDP', 'K010300981764', 'SMKTHBISA2122'),
(1765, 'Yoga Dwi Prasetyo', '121465', 'BDP', 'K010300981765', 'SMKTHBISA2122'),
(1766, 'Yunita Adetia Saputri', '121465', 'BDP', 'K010300981766', 'SMKTHBISA2122'),
(1767, 'Achmad  Alfie Sa\'dan Widodo', '122273', 'BDP', 'K010300981767', 'SMKTHBISA2122'),
(1768, 'ADI PUTRA', '122273', 'BDP', 'K010300981768', 'SMKTHBISA2122'),
(1769, 'Aliyah Maisuni', '122273', 'BDP', 'K010300981769', 'SMKTHBISA2122'),
(1770, 'ALYA SAFA KAMILA', '122273', 'BDP', 'K010300981770', 'SMKTHBISA2122'),
(1771, 'AMALIA SYAMSIAT ALIFAH', '122273', 'BDP', 'K010300981771', 'SMKTHBISA2122'),
(1772, 'Ayu ANDRIANI', '122273', 'BDP', 'K010300981772', 'SMKTHBISA2122'),
(1773, 'BAGAS SUKMO', '122273', 'BDP', 'K010300981773', 'SMKTHBISA2122'),
(1774, 'DIMAS NUR CAHYO', '122273', 'BDP', 'K010300981774', 'SMKTHBISA2122'),
(1775, 'FAIZAH PUTRI AULIA', '122273', 'BDP', 'K010300981775', 'SMKTHBISA2122'),
(1776, 'FANDI SAPUTRA', '122273', 'BDP', 'K010300981776', 'SMKTHBISA2122'),
(1777, 'FIORELLA RAISYA ERVANI', '122273', 'BDP', 'K010300981777', 'SMKTHBISA2122'),
(1778, 'Habil Pratama', '122273', 'BDP', 'K010300981778', 'SMKTHBISA2122'),
(1779, 'INDRA RUKMANA', '122273', 'BDP', 'K010300981779', 'SMKTHBISA2122'),
(1780, 'JULAEHA .', '122273', 'BDP', 'K010300981780', 'SMKTHBISA2122'),
(1781, 'Kevin Afizeno', '122273', 'BDP', 'K010300981781', 'SMKTHBISA2122'),
(1782, 'MAHESA GENTA SAKAWAYANA', '122273', 'BDP', 'K010300981782', 'SMKTHBISA2122'),
(1783, 'MUHAMAD WILDAN RAMADHAN', '122273', 'BDP', 'K010300981783', 'SMKTHBISA2122'),
(1784, 'MUHAMMAD FARHAN MAULANA', '122273', 'BDP', 'K010300981784', 'SMKTHBISA2122'),
(1785, 'MUHAMMAD JIHAR ADIB', '122273', 'BDP', 'K010300981785', 'SMKTHBISA2122'),
(1786, 'MUHAMMAD FADIL', '122273', 'BDP', 'K010300981786', 'SMKTHBISA2122'),
(1787, 'Nabilah Wijyanti', '122273', 'BDP', 'K010300981787', 'SMKTHBISA2122'),
(1788, 'Nur Rizkiyah', '122273', 'BDP', 'K010300981788', 'SMKTHBISA2122'),
(1789, 'RAISAH NURUL AMIN', '122273', 'BDP', 'K010300981789', 'SMKTHBISA2122'),
(1790, 'RAYNANDA DEWATA', '122273', 'BDP', 'K010300981790', 'SMKTHBISA2122'),
(1791, 'RIDHO FIRMAN SYACH', '122273', 'BDP', 'K010300981791', 'SMKTHBISA2122'),
(1792, 'Rifky Akbar Abdullah', '122273', 'BDP', 'K010300981792', 'SMKTHBISA2122'),
(1793, 'RISKA .', '122273', 'BDP', 'K010300981793', 'SMKTHBISA2122'),
(1794, 'RISKA NURUL FADILAH', '122273', 'BDP', 'K010300981794', 'SMKTHBISA2122'),
(1795, 'Rosa Widiya Amaliah', '122273', 'BDP', 'K010300981795', 'SMKTHBISA2122'),
(1796, 'SAGDA MAHENDRA', '122273', 'BDP', 'K010300981796', 'SMKTHBISA2122'),
(1797, 'SELBY AYU ALZAHRA', '122273', 'BDP', 'K010300981797', 'SMKTHBISA2122'),
(1798, 'Silvia .', '122273', 'BDP', 'K010300981798', 'SMKTHBISA2122'),
(1799, 'SITI NUR NABILLA', '122273', 'BDP', 'K010300981799', 'SMKTHBISA2122'),
(1800, 'SITI MAYANGSARI RAHMADANI', '122273', 'BDP', 'K010300981800', 'SMKTHBISA2122'),
(1801, 'TEGAR SAPUTRA', '122273', 'BDP', 'K010300981801', 'SMKTHBISA2122'),
(1802, 'Tommy Yuscandra', '122273', 'BDP', 'K010300981802', 'SMKTHBISA2122'),
(1803, 'YANUAR SETIAWAN', '122273', 'BDP', 'K010300981803', 'SMKTHBISA2122'),
(1804, 'YULIANTI .', '122273', 'BDP', 'K010300981804', 'SMKTHBISA2122'),
(1805, 'ZAKI AKBAR WIJAYANTO', '122273', 'BDP', 'K010300981805', 'SMKTHBISA2122'),
(1806, 'AMELIA OKTAVIANI', '123710', 'OTKP', 'K010300981806', 'SMKTHBISA2122'),
(1807, 'AMELIA SHADIYAH', '123710', 'OTKP', 'K010300981807', 'SMKTHBISA2122'),
(1808, 'ARDELIA SALSABILA', '123710', 'OTKP', 'K010300981808', 'SMKTHBISA2122'),
(1809, 'ARINI Arini', '123710', 'OTKP', 'K010300981809', 'SMKTHBISA2122'),
(1810, 'Audi Valentina', '123710', 'OTKP', 'K010300981810', 'SMKTHBISA2122'),
(1811, 'AYU LESTARI', '123710', 'OTKP', 'K010300981811', 'SMKTHBISA2122'),
(1812, 'Dara Wardhani', '123710', 'OTKP', 'K010300981812', 'SMKTHBISA2122'),
(1813, 'DEDE ARUM SARI', '123710', 'OTKP', 'K010300981813', 'SMKTHBISA2122'),
(1814, 'DEVI NUR AFRILIA', '123710', 'OTKP', 'K010300981814', 'SMKTHBISA2122'),
(1815, 'DEWITA CAHYANI', '123710', 'OTKP', 'K010300981815', 'SMKTHBISA2122'),
(1816, 'DIAN PATRIANI', '123710', 'OTKP', 'K010300981816', 'SMKTHBISA2122'),
(1817, 'DINA NOVITA', '123710', 'OTKP', 'K010300981817', 'SMKTHBISA2122'),
(1818, 'Dinii Aditia Putri Lubis', '123710', 'OTKP', 'K010300981818', 'SMKTHBISA2122'),
(1819, 'EKA YULIA SARI', '123710', 'OTKP', 'K010300981819', 'SMKTHBISA2122'),
(1820, 'Ersanda Aprilia', '123710', 'OTKP', 'K010300981820', 'SMKTHBISA2122'),
(1821, 'FADIANA Fadiana', '123710', 'OTKP', 'K010300981821', 'SMKTHBISA2122'),
(1822, 'ICHA RAHMA NOVITASARI', '123710', 'OTKP', 'K010300981822', 'SMKTHBISA2122'),
(1823, 'Ismi Syalina Hidayat', '123710', 'OTKP', 'K010300981823', 'SMKTHBISA2122'),
(1824, 'JESI HAFILLAH', '123710', 'OTKP', 'K010300981824', 'SMKTHBISA2122'),
(1825, 'JULIA LESTARI', '123710', 'OTKP', 'K010300981825', 'SMKTHBISA2122'),
(1826, 'KEKE NURKHOLIFAH', '123710', 'OTKP', 'K010300981826', 'SMKTHBISA2122'),
(1827, 'KOLIF MULYANI', '123710', 'OTKP', 'K010300981827', 'SMKTHBISA2122'),
(1828, 'LUVIYANTI Luviyanti', '123710', 'OTKP', 'K010300981828', 'SMKTHBISA2122'),
(1829, 'MARS WINDA AGUSTIN', '123710', 'OTKP', 'K010300981829', 'SMKTHBISA2122'),
(1830, 'Maulida Azkia', '123710', 'OTKP', 'K010300981830', 'SMKTHBISA2122'),
(1831, 'Mellida Devitasari', '123710', 'OTKP', 'K010300981831', 'SMKTHBISA2122'),
(1832, 'NADILA RISCHA HIDAYAT', '123710', 'OTKP', 'K010300981832', 'SMKTHBISA2122'),
(1833, 'NESSA APRILA ROSA', '123710', 'OTKP', 'K010300981833', 'SMKTHBISA2122'),
(1834, 'Oktaviana Oktaviana', '123710', 'OTKP', 'K010300981834', 'SMKTHBISA2122'),
(1835, 'PATRICIA OLIVIA BUBANE', '123710', 'OTKP', 'K010300981835', 'SMKTHBISA2122'),
(1836, 'Reza Thalia Salsabila', '123710', 'OTKP', 'K010300981836', 'SMKTHBISA2122'),
(1837, 'RISNA JUENDANG', '123710', 'OTKP', 'K010300981837', 'SMKTHBISA2122'),
(1838, 'Ros Setiawati', '123710', 'OTKP', 'K010300981838', 'SMKTHBISA2122'),
(1839, 'Rosyana Nurani', '123710', 'OTKP', 'K010300981839', 'SMKTHBISA2122'),
(1840, 'SASKIA ALIYA ZAHRA', '123710', 'OTKP', 'K010300981840', 'SMKTHBISA2122'),
(1841, 'SINTA ARYANA WENDARI', '123710', 'OTKP', 'K010300981841', 'SMKTHBISA2122'),
(1842, 'Supriyana Supriyana', '123710', 'OTKP', 'K010300981842', 'SMKTHBISA2122'),
(1843, 'TIARA HENDITA PUTRI', '123710', 'OTKP', 'K010300981843', 'SMKTHBISA2122'),
(1844, 'VERONICA PATRICIA', '123710', 'OTKP', 'K010300981844', 'SMKTHBISA2122'),
(1845, 'WULAN SUCI FITRIANI', '123710', 'OTKP', 'K010300981845', 'SMKTHBISA2122'),
(1846, 'ZAHRA WAHYU TRIANDINI', '123710', 'OTKP', 'K010300981846', 'SMKTHBISA2122'),
(1847, 'AISYA YUNIARTI', '124270', 'OTKP', 'K010300981847', 'SMKTHBISA2122'),
(1848, 'ALMA ELENA RACHMAN', '124270', 'OTKP', 'K010300981848', 'SMKTHBISA2122'),
(1849, 'AMANDA SALSABILAH SAFITRI', '124270', 'OTKP', 'K010300981849', 'SMKTHBISA2122'),
(1850, 'BALQIS AULIA WIJAYA', '124270', 'OTKP', 'K010300981850', 'SMKTHBISA2122'),
(1851, 'Chika Maulida Dewi', '124270', 'OTKP', 'K010300981851', 'SMKTHBISA2122'),
(1852, 'DEVI RIANTI', '124270', 'OTKP', 'K010300981852', 'SMKTHBISA2122'),
(1853, 'Diah Ayu Krisna Dwi Putri', '124270', 'OTKP', 'K010300981853', 'SMKTHBISA2122'),
(1854, 'Dian Aprilliani', '124270', 'OTKP', 'K010300981854', 'SMKTHBISA2122'),
(1855, 'Dina Agustina', '124270', 'OTKP', 'K010300981855', 'SMKTHBISA2122'),
(1856, 'DIYAN RAHMAWATI', '124270', 'OTKP', 'K010300981856', 'SMKTHBISA2122'),
(1857, 'FUJA LISTY YANTI', '124270', 'OTKP', 'K010300981857', 'SMKTHBISA2122'),
(1858, 'KARINA PUTRI OXTAVIANI', '124270', 'OTKP', 'K010300981858', 'SMKTHBISA2122'),
(1859, 'KIKI FATIKA SYAHRANI', '124270', 'OTKP', 'K010300981859', 'SMKTHBISA2122'),
(1860, 'Maharani Syaidina Djulianti', '124270', 'OTKP', 'K010300981860', 'SMKTHBISA2122'),
(1861, 'MARLINA MARLINA', '124270', 'OTKP', 'K010300981861', 'SMKTHBISA2122'),
(1862, 'Meilinda Felisyawati', '124270', 'OTKP', 'K010300981862', 'SMKTHBISA2122'),
(1863, 'MELINA NUR SAPITRI', '124270', 'OTKP', 'K010300981863', 'SMKTHBISA2122'),
(1864, 'MUNI\'AH MUNI\'AH', '124270', 'OTKP', 'K010300981864', 'SMKTHBISA2122'),
(1865, 'Nadya Putri', '124270', 'OTKP', 'K010300981865', 'SMKTHBISA2122'),
(1866, 'Nanda Jasika', '124270', 'OTKP', 'K010300981866', 'SMKTHBISA2122'),
(1867, 'Nisa Dwi Ramanda', '124270', 'OTKP', 'K010300981867', 'SMKTHBISA2122'),
(1868, 'NOVI NURHOLIFAH', '124270', 'OTKP', 'K010300981868', 'SMKTHBISA2122'),
(1869, 'NUR ASIDIAH', '124270', 'OTKP', 'K010300981869', 'SMKTHBISA2122'),
(1870, 'PIRANIH PIRANIH', '124270', 'OTKP', 'K010300981870', 'SMKTHBISA2122'),
(1871, 'Putri Widhi Astuti', '124270', 'OTKP', 'K010300981871', 'SMKTHBISA2122'),
(1872, 'RINI MARSITA', '124270', 'OTKP', 'K010300981872', 'SMKTHBISA2122'),
(1873, 'RISKA KHARISMA', '124270', 'OTKP', 'K010300981873', 'SMKTHBISA2122'),
(1874, 'RISNA PRIYANTI', '124270', 'OTKP', 'K010300981874', 'SMKTHBISA2122'),
(1875, 'RUNI RAHAYU', '124270', 'OTKP', 'K010300981875', 'SMKTHBISA2122'),
(1876, 'SHEVA HANDINI', '124270', 'OTKP', 'K010300981876', 'SMKTHBISA2122'),
(1877, 'SITI NURHALIZA ARDI', '124270', 'OTKP', 'K010300981877', 'SMKTHBISA2122'),
(1878, 'SUCI NABILAH KHAERUS', '124270', 'OTKP', 'K010300981878', 'SMKTHBISA2122'),
(1879, 'TANIA NUR ALFITRIANI', '124270', 'OTKP', 'K010300981879', 'SMKTHBISA2122'),
(1880, 'TIAH TIAH', '124270', 'OTKP', 'K010300981880', 'SMKTHBISA2122'),
(1881, 'Umairoh Umairoh', '124270', 'OTKP', 'K010300981881', 'SMKTHBISA2122'),
(1882, 'VELINDA NUR AZIZAH', '124270', 'OTKP', 'K010300981882', 'SMKTHBISA2122'),
(1883, 'WAHYU KURNIAWATI', '124270', 'OTKP', 'K010300981883', 'SMKTHBISA2122'),
(1884, 'WULAN SUNINGSIH', '124270', 'OTKP', 'K010300981884', 'SMKTHBISA2122'),
(1885, 'YENTI HERAWATI', '124270', 'OTKP', 'K010300981885', 'SMKTHBISA2122'),
(1886, 'ZHILA SHOFA NAFSIAH', '124270', 'OTKP', 'K010300981886', 'SMKTHBISA2122'),
(1887, 'ABDURRAHMAN ASNADI', '125353', 'TKJ', 'K010300981887', 'SMKTHBISA2122'),
(1888, 'ADI NUR', '125353', 'TKJ', 'K010300981888', 'SMKTHBISA2122'),
(1889, 'Aditya Saputra', '125353', 'TKJ', 'K010300981889', 'SMKTHBISA2122'),
(1890, 'AIRA ANDI AHMAD', '125353', 'TKJ', 'K010300981890', 'SMKTHBISA2122'),
(1891, 'Alfadli Merdianta', '125353', 'TKJ', 'K010300981891', 'SMKTHBISA2122'),
(1892, 'Ariska Witri Astuti', '125353', 'TKJ', 'K010300981892', 'SMKTHBISA2122'),
(1893, 'AVRILIA FRATIWI', '125353', 'TKJ', 'K010300981893', 'SMKTHBISA2122'),
(1894, 'DANI DARMAWAN', '125353', 'TKJ', 'K010300981894', 'SMKTHBISA2122'),
(1895, 'DANIEL PRADITYA', '125353', 'TKJ', 'K010300981895', 'SMKTHBISA2122'),
(1896, 'DHANNIS FARDINTA', '125353', 'TKJ', 'K010300981896', 'SMKTHBISA2122'),
(1897, 'DIMAS ADITIYA', '125353', 'TKJ', 'K010300981897', 'SMKTHBISA2122'),
(1898, 'FAJAR ARDIANSYAH', '125353', 'TKJ', 'K010300981898', 'SMKTHBISA2122'),
(1899, 'FARID IHWATUL MUSLIMIN', '125353', 'TKJ', 'K010300981899', 'SMKTHBISA2122'),
(1900, 'FAUZI Fauzi', '125353', 'TKJ', 'K010300981900', 'SMKTHBISA2122'),
(1901, 'Haryanto Haryanto', '125353', 'TKJ', 'K010300981901', 'SMKTHBISA2122'),
(1902, 'HERI SETYAWAN', '125353', 'TKJ', 'K010300981902', 'SMKTHBISA2122'),
(1903, 'IDHAM RAHMAN', '125353', 'TKJ', 'K010300981903', 'SMKTHBISA2122'),
(1904, 'Idris Fadila', '125353', 'TKJ', 'K010300981904', 'SMKTHBISA2122'),
(1905, 'KHAERUL RAMADHAN', '125353', 'TKJ', 'K010300981905', 'SMKTHBISA2122'),
(1906, 'M. JAENI SAPUTRA', '125353', 'TKJ', 'K010300981906', 'SMKTHBISA2122'),
(1907, 'MARTIN Martin', '125353', 'TKJ', 'K010300981907', 'SMKTHBISA2122'),
(1908, 'MOHAMAD ARDIANSYAH RIZKI DERMAWAN', '125353', 'TKJ', 'K010300981908', 'SMKTHBISA2122'),
(1909, 'MUHAMAT REVA RIZKI SAPUTRA', '125353', 'TKJ', 'K010300981909', 'SMKTHBISA2122'),
(1910, 'MUHAMMAD RUSYDI MURTADHO', '125353', 'TKJ', 'K010300981910', 'SMKTHBISA2122'),
(1911, 'Muhamad Jazuli Oktafio', '125353', 'TKJ', 'K010300981911', 'SMKTHBISA2122'),
(1912, 'Muhammad Rafli', '125353', 'TKJ', 'K010300981912', 'SMKTHBISA2122'),
(1913, 'Muhammad Agus Triardi', '125353', 'TKJ', 'K010300981913', 'SMKTHBISA2122'),
(1914, 'Nana Maolana', '125353', 'TKJ', 'K010300981914', 'SMKTHBISA2122'),
(1915, 'Nanda Arga Raditya', '125353', 'TKJ', 'K010300981915', 'SMKTHBISA2122'),
(1916, 'NICHOLAS KAISAREA', '125353', 'TKJ', 'K010300981916', 'SMKTHBISA2122'),
(1917, 'NUR OKKY BINTANG SAPUTRA', '125353', 'TKJ', 'K010300981917', 'SMKTHBISA2122'),
(1918, 'RENDI PEBRIANSYAH', '125353', 'TKJ', 'K010300981918', 'SMKTHBISA2122'),
(1919, 'Rico Prianto', '125353', 'TKJ', 'K010300981919', 'SMKTHBISA2122'),
(1920, 'RIVALDY IRAWAN', '125353', 'TKJ', 'K010300981920', 'SMKTHBISA2122'),
(1921, 'RIZKI HARI NUGROHO', '125353', 'TKJ', 'K010300981921', 'SMKTHBISA2122'),
(1922, 'rizki Dwi Hapijar', '125353', 'TKJ', 'K010300981922', 'SMKTHBISA2122'),
(1923, 'ROBBY ANDRIANSYAH', '125353', 'TKJ', 'K010300981923', 'SMKTHBISA2122'),
(1924, 'TAUFIK LERA', '125353', 'TKJ', 'K010300981924', 'SMKTHBISA2122'),
(1925, 'TENGKU ARYA SAPUTRA', '125353', 'TKJ', 'K010300981925', 'SMKTHBISA2122'),
(1926, 'WISNU HANDOKO', '125353', 'TKJ', 'K010300981926', 'SMKTHBISA2122'),
(1927, 'A\'anwar A\'anwar', '126854', 'TKJ', 'K010300981927', 'SMKTHBISA2122'),
(1928, 'Abdullah Pathur Rachman', '126854', 'TKJ', 'K010300981928', 'SMKTHBISA2122'),
(1929, 'Aditya Saputra', '126854', 'TKJ', 'K010300981929', 'SMKTHBISA2122'),
(1930, 'Aditya Dharma', '126854', 'TKJ', 'K010300981930', 'SMKTHBISA2122'),
(1931, 'Agil Mubaroq', '126854', 'TKJ', 'K010300981931', 'SMKTHBISA2122'),
(1932, 'Ahmad Maulana', '126854', 'TKJ', 'K010300981932', 'SMKTHBISA2122'),
(1933, 'Andi Kosasih', '126854', 'TKJ', 'K010300981933', 'SMKTHBISA2122'),
(1934, 'Andriyansah Andriyansah', '126854', 'TKJ', 'K010300981934', 'SMKTHBISA2122'),
(1935, 'Aprialdi Saputra Wijaya', '126854', 'TKJ', 'K010300981935', 'SMKTHBISA2122'),
(1936, 'BIMA BAYU SAMUDRA', '126854', 'TKJ', 'K010300981936', 'SMKTHBISA2122'),
(1937, 'EGAN BAGUS REHANDIKA ALDA RAKHANTA', '126854', 'TKJ', 'K010300981937', 'SMKTHBISA2122'),
(1938, 'Eka Dhani', '126854', 'TKJ', 'K010300981938', 'SMKTHBISA2122'),
(1939, 'Endah Herniati', '126854', 'TKJ', 'K010300981939', 'SMKTHBISA2122'),
(1940, 'Fachrul Bintang Imzad', '126854', 'TKJ', 'K010300981940', 'SMKTHBISA2122'),
(1941, 'Fahrezi Januar Riski', '126854', 'TKJ', 'K010300981941', 'SMKTHBISA2122'),
(1942, 'Hafiz Nur Arif', '126854', 'TKJ', 'K010300981942', 'SMKTHBISA2122'),
(1943, 'Hanan Febri Awanda', '126854', 'TKJ', 'K010300981943', 'SMKTHBISA2122'),
(1944, 'Ibnu Adam', '126854', 'TKJ', 'K010300981944', 'SMKTHBISA2122'),
(1945, 'Khairan Maulana', '126854', 'TKJ', 'K010300981945', 'SMKTHBISA2122'),
(1946, 'M. Resa Fahlevih Aditya Putra', '126854', 'TKJ', 'K010300981946', 'SMKTHBISA2122'),
(1947, 'M.fredy Ardiansyah', '126854', 'TKJ', 'K010300981947', 'SMKTHBISA2122'),
(1948, 'Maulana Rafi Prasetyo', '126854', 'TKJ', 'K010300981948', 'SMKTHBISA2122'),
(1949, 'Muhamad Ariyanzah', '126854', 'TKJ', 'K010300981949', 'SMKTHBISA2122'),
(1950, 'Muhamad Ridwan', '126854', 'TKJ', 'K010300981950', 'SMKTHBISA2122'),
(1951, 'Muhammad Ferdiansyah', '126854', 'TKJ', 'K010300981951', 'SMKTHBISA2122'),
(1952, 'Muhammad Mukhti Abimanyu', '126854', 'TKJ', 'K010300981952', 'SMKTHBISA2122'),
(1953, 'Muhammad Fahreza Dzulhijjah', '126854', 'TKJ', 'K010300981953', 'SMKTHBISA2122'),
(1954, 'Muhammad Ilham', '126854', 'TKJ', 'K010300981954', 'SMKTHBISA2122'),
(1955, 'Muhammad Ubaidillah', '126854', 'TKJ', 'K010300981955', 'SMKTHBISA2122'),
(1956, 'Muhammad Ruhdin', '126854', 'TKJ', 'K010300981956', 'SMKTHBISA2122'),
(1957, 'Rahmat Hadi Wijaya', '126854', 'TKJ', 'K010300981957', 'SMKTHBISA2122'),
(1958, 'Raka Prabowo', '126854', 'TKJ', 'K010300981958', 'SMKTHBISA2122'),
(1959, 'Rama Herdiansyah', '126854', 'TKJ', 'K010300981959', 'SMKTHBISA2122'),
(1960, 'Ridwan Pratama', '126854', 'TKJ', 'K010300981960', 'SMKTHBISA2122'),
(1961, 'Rijik Mulana Yusup', '126854', 'TKJ', 'K010300981961', 'SMKTHBISA2122'),
(1962, 'Rival Saputra', '126854', 'TKJ', 'K010300981962', 'SMKTHBISA2122'),
(1963, 'ROHMANSYAH Prabowo', '126854', 'TKJ', 'K010300981963', 'SMKTHBISA2122'),
(1964, 'Sefi Septiana', '126854', 'TKJ', 'K010300981964', 'SMKTHBISA2122'),
(1965, 'Siti Nur Kholipah', '126854', 'TKJ', 'K010300981965', 'SMKTHBISA2122'),
(1966, 'Tyo Saputra', '126854', 'TKJ', 'K010300981966', 'SMKTHBISA2122'),
(1967, 'ADITYA SAPUTRA', '127374', 'TKJ', 'K010300981967', 'SMKTHBISA2122'),
(1968, 'ADNAN BUKHARI', '127374', 'TKJ', 'K010300981968', 'SMKTHBISA2122'),
(1969, 'AHMAT SOFBRI', '127374', 'TKJ', 'K010300981969', 'SMKTHBISA2122'),
(1970, 'Amaika Rachman', '127374', 'TKJ', 'K010300981970', 'SMKTHBISA2122'),
(1971, 'ANDREAN SAPUTRA', '127374', 'TKJ', 'K010300981971', 'SMKTHBISA2122'),
(1972, 'Apriadi Apriadi', '127374', 'TKJ', 'K010300981972', 'SMKTHBISA2122'),
(1973, 'Ardi Muayad', '127374', 'TKJ', 'K010300981973', 'SMKTHBISA2122'),
(1974, 'ARIF DWI SAPUTRA', '127374', 'TKJ', 'K010300981974', 'SMKTHBISA2122'),
(1975, 'DESTA RAHMA NOVIANI', '127374', 'TKJ', 'K010300981975', 'SMKTHBISA2122'),
(1976, 'DIKKY PANGESTU', '127374', 'TKJ', 'K010300981976', 'SMKTHBISA2122'),
(1977, 'DODI PRAMUJA', '127374', 'TKJ', 'K010300981977', 'SMKTHBISA2122'),
(1978, 'ELGA BUDI PURNOMO', '127374', 'TKJ', 'K010300981978', 'SMKTHBISA2122'),
(1979, 'FAUZY GUNAWAN', '127374', 'TKJ', 'K010300981979', 'SMKTHBISA2122'),
(1980, 'IKLAS GUSTI PANGESTU', '127374', 'TKJ', 'K010300981980', 'SMKTHBISA2122'),
(1981, 'ILHAM RAMADHAN', '127374', 'TKJ', 'K010300981981', 'SMKTHBISA2122'),
(1982, 'MUHAMAD IMAM MAHDI', '127374', 'TKJ', 'K010300981982', 'SMKTHBISA2122'),
(1983, 'MUHAMMAD NUR IKHSAN', '127374', 'TKJ', 'K010300981983', 'SMKTHBISA2122'),
(1984, 'MUHAMMAD ADAM SEPTIAWAN', '127374', 'TKJ', 'K010300981984', 'SMKTHBISA2122'),
(1985, 'MUHAMMAD BINTANG', '127374', 'TKJ', 'K010300981985', 'SMKTHBISA2122'),
(1986, 'MUHAMMAD FIKRI GINASTIAR', '127374', 'TKJ', 'K010300981986', 'SMKTHBISA2122'),
(1987, 'Muhamad Samudra Rusli', '127374', 'TKJ', 'K010300981987', 'SMKTHBISA2122'),
(1988, 'NIKO SAPUTRA', '127374', 'TKJ', 'K010300981988', 'SMKTHBISA2122'),
(1989, 'NOVA YULIANTO', '127374', 'TKJ', 'K010300981989', 'SMKTHBISA2122'),
(1990, 'REGA ALDO NURCAHYONO', '127374', 'TKJ', 'K010300981990', 'SMKTHBISA2122'),
(1991, 'REZZA ADITYA PRATAMA', '127374', 'TKJ', 'K010300981991', 'SMKTHBISA2122'),
(1992, 'RIDHO SAPULTA PRATAMA', '127374', 'TKJ', 'K010300981992', 'SMKTHBISA2122'),
(1993, 'Rifkyan Syah', '127374', 'TKJ', 'K010300981993', 'SMKTHBISA2122'),
(1994, 'RISKY ALFIAN', '127374', 'TKJ', 'K010300981994', 'SMKTHBISA2122'),
(1995, 'SATRIA PAMUNGKAS', '127374', 'TKJ', 'K010300981995', 'SMKTHBISA2122'),
(1996, 'Vaizudin Vaizudin', '127374', 'TKJ', 'K010300981996', 'SMKTHBISA2122'),
(1997, 'Virlya Aulia Rohmah', '127374', 'TKJ', 'K010300981997', 'SMKTHBISA2122'),
(1998, 'Wafa Fauzan Jamil', '127374', 'TKJ', 'K010300981998', 'SMKTHBISA2122'),
(1999, 'WAHYU WAHYU', '127374', 'TKJ', 'K010300981999', 'SMKTHBISA2122'),
(2000, 'WILLIAM WIJAYA PHANG', '127374', 'TKJ', 'K010300982000', 'SMKTHBISA2122'),
(2001, 'WILLY RAFIANSYAH', '127374', 'TKJ', 'K010300982001', 'SMKTHBISA2122'),
(2002, 'YANUAR BUDI PRATAMA', '127374', 'TKJ', 'K010300982002', 'SMKTHBISA2122'),
(2003, 'YORIKO OKTAVIANUS MAMARODIA', '127374', 'TKJ', 'K010300982003', 'SMKTHBISA2122'),
(2004, 'ZOKROTUN NIDA', '127374', 'TKJ', 'K010300982004', 'SMKTHBISA2122'),
(3001, 'Muhammad Risky', '109807', 'TKJ', 'K010300983001', 'SMKTHBISA2122a*'),
(3002, 'M Nur Arifin', '107123', 'TKJ', 'k010300983002', 'SMKTHBISA2122a*'),
(3003, 'Salsa zulfa hisanah', '105376', 'OTKP', 'k010300983003', 'SMKTHBISA2122a*');

--
-- Indexes for dumped tables
--

--
-- Indeks untuk tabel `absenguru`
--
ALTER TABLE `absenguru`
  ADD PRIMARY KEY (`number`);

--
-- Indeks untuk tabel `absensiswa`
--
ALTER TABLE `absensiswa`
  ADD PRIMARY KEY (`number`);

--
-- Indeks untuk tabel `auth`
--
ALTER TABLE `auth`
  ADD PRIMARY KEY (`id_user`);

--
-- Indeks untuk tabel `guru`
--
ALTER TABLE `guru`
  ADD PRIMARY KEY (`id`) USING BTREE;

--
-- Indeks untuk tabel `jurusan`
--
ALTER TABLE `jurusan`
  ADD PRIMARY KEY (`id`) USING BTREE;

--
-- Indeks untuk tabel `kelas`
--
ALTER TABLE `kelas`
  ADD PRIMARY KEY (`id`) USING BTREE;

--
-- Indeks untuk tabel `mapel`
--
ALTER TABLE `mapel`
  ADD PRIMARY KEY (`id_mapel`);

--
-- Indeks untuk tabel `siswa`
--
ALTER TABLE `siswa`
  ADD PRIMARY KEY (`id`);

--
-- AUTO_INCREMENT untuk tabel yang dibuang
--

--
-- AUTO_INCREMENT untuk tabel `absenguru`
--
ALTER TABLE `absenguru`
  MODIFY `number` int(11) NOT NULL AUTO_INCREMENT, AUTO_INCREMENT=13;

--
-- AUTO_INCREMENT untuk tabel `absensiswa`
--
ALTER TABLE `absensiswa`
  MODIFY `number` int(11) NOT NULL AUTO_INCREMENT, AUTO_INCREMENT=11;

--
-- AUTO_INCREMENT untuk tabel `auth`
--
ALTER TABLE `auth`
  MODIFY `id_user` int(11) NOT NULL AUTO_INCREMENT, AUTO_INCREMENT=11;

--
-- AUTO_INCREMENT untuk tabel `guru`
--
ALTER TABLE `guru`
  MODIFY `id` int(8) NOT NULL AUTO_INCREMENT, AUTO_INCREMENT=66;

--
-- AUTO_INCREMENT untuk tabel `jurusan`
--
ALTER TABLE `jurusan`
  MODIFY `id` int(11) NOT NULL AUTO_INCREMENT, AUTO_INCREMENT=429;

--
-- AUTO_INCREMENT untuk tabel `kelas`
--
ALTER TABLE `kelas`
  MODIFY `id` int(11) NOT NULL AUTO_INCREMENT, AUTO_INCREMENT=127375;
COMMIT;

/*!40101 SET CHARACTER_SET_CLIENT=@OLD_CHARACTER_SET_CLIENT */;
/*!40101 SET CHARACTER_SET_RESULTS=@OLD_CHARACTER_SET_RESULTS */;
/*!40101 SET COLLATION_CONNECTION=@OLD_COLLATION_CONNECTION */;
